id,name,effect,side_effects,characteristics,time,difficulty,ingredients,inventors,manufacturers,image,wiki
ab27926e-729f-4750-87ce-be0da29ee2d7,Dragon dung fertiliser,Promotes the growth of plants,,Light green in colour,,Moderate/Advanced,"Sloth brain, 7 pieces of Dragon dung, Stewed Mandrake, 2 rat spleens, Toasted dragonfly thoraxes, 3 Flying Seahorses",,,https://static.wikia.nocookie.net/harrypotter/images/7/70/Dragon_dung_fertiliser.JPG,https://harrypotter.fandom.com/wiki/Dragon_dung_Fertiliser
b5bfd793-d979-44a3-9f1f-4db1f7444ccc,Alihotsy Draught,Uncontrollable laughter,,Blue fumes and colour,,,Alihotsy,,,https://static.wikia.nocookie.net/harrypotter/images/4/46/Alihotsy_Draught.png,https://harrypotter.fandom.com/wiki/Alihotsy_Draught
71d48a98-6634-4d7a-8134-f1dc1074e803,Grand Wiggenweld Potion,"Heals injuries, restores stamina",,Green in colour,,Beginner,"Octopus Powder, Unicorn horn, Wolfsbane",,,https://static.wikia.nocookie.net/harrypotter/images/2/26/Grand_Wiggenweld_Potion.jpg,https://harrypotter.fandom.com/wiki/Grand_Wiggenweld_Potion
790e0011-794e-4745-a51d-97694f781eb5,Narglecide,Killed Nargles,,,,,,,,,https://harrypotter.fandom.com/wiki/Narglecide
94c2fb04-67e5-4dbf-a382-208552e4d350,Love Potion Antidote,Serves as an antidote for Love Potion,,"Clear, colourless",,,"Wiggentree twigs, Castor oil, Extract of Gurdyroot",,,https://static.wikia.nocookie.net/harrypotter/images/9/9a/Love_Potion_Antidote.jpg,https://harrypotter.fandom.com/wiki/Love_Potion_Antidote
2a8d85db-5040-4d87-9d48-d792b08c0a3e,Bundimun Pomade,,,,,,,,,,https://harrypotter.fandom.com/wiki/Bundimun_Pomade
6d89c65e-87e6-481e-a3e2-9b7a29ca46a1,Potion № 07,Poisonous,,Experimental mixture (possibly),,,"Powdered Lionfish, Essence of Venomous Tentacula",,,https://static.wikia.nocookie.net/harrypotter/images/0/07/Potion_N._07.png,https://harrypotter.fandom.com/wiki/Potion_N._07
20128f92-0e31-407f-84ec-4f20036f5cae,Wolfsbane Potion,Allowed werewolves to keep their minds post-transformation,Harmful side effects to health if potion tampered with,"Blue smoke, Unpleasant taste, Rendered useless with sugar",,Advanced,Wolfsbane,Damocles Belby,,https://static.wikia.nocookie.net/harrypotter/images/0/01/PA_C8.jpg,https://harrypotter.fandom.com/wiki/Wolfsbane_Potion
8a61c864-35dc-4a33-b54b-94c99ecefa9f,Cheese-Based Potions,,,Yellow in colour,,Advanced,Cheese,,,https://static.wikia.nocookie.net/harrypotter/images/3/39/Cheese_Based_Potion_HM_Icon.png,https://harrypotter.fandom.com/wiki/Cheese-Based_Potions
0f63bdbc-039b-4188-8a1b-d858e9bfe6b0,Exploding Potion,Volatile mixture,,Acid-green or blue in colour,,,"An ice pop, A red spider, Flowers",,,https://static.wikia.nocookie.net/harrypotter/images/6/6c/Exploding_Fluid.jpg,https://harrypotter.fandom.com/wiki/Exploding_Potion
34d86494-29eb-476c-9d45-03bd4cf68e83,Strong Exstimulo Potion,Strongly boosts spell-casting power of the drinker for four spell casts,,Electric blue in colour,Four hours,Beginner,"Bitter root, Snowdrop, Abraxan hair, Re'em blood",,,https://static.wikia.nocookie.net/harrypotter/images/a/a7/Strong_Exstimulo_Potion_WU.png,https://harrypotter.fandom.com/wiki/Strong_Exstimulo_Potion
4a0c8ec9-8919-4ee8-b6fe-ddbedb1bcf47,Rano Potion,,,,,,,,,,https://harrypotter.fandom.com/wiki/Rano_Potion
075392e6-8e08-4373-bdae-c6a7c6ed6d57,Rudimentary body potion,Helps restore non-corporeal wizards to a rudimentary bodies/sustains rudimentary bodies,,,,,"Nagini's venom, Unicorn blood",,,https://static.wikia.nocookie.net/harrypotter/images/b/b9/Voldemort%27s_rudimentary_body_%28concept_artwork_for_HP4_movie%29.jpg,https://harrypotter.fandom.com/wiki/Rudimentary_body_potion
531aa20c-df97-4ce7-ae02-093142add835,Dawdle Draught,Helps deal with Traces,,Orange in colour,Six hours,,"Valerian root, Sopophorous bean, Butterscotch, Hermit crab shell",,,https://static.wikia.nocookie.net/harrypotter/images/b/b6/Dawdle_Draught.png,https://harrypotter.fandom.com/wiki/Dawdle_Draught
adfeb3e3-ad30-41a1-8006-4e1f5f1da8a6,Manegro Potion,Rapid hair growth,,,,,,,,https://static.wikia.nocookie.net/harrypotter/images/e/e0/Manegro_Potion.JPG,https://harrypotter.fandom.com/wiki/Manegro_Potion
506015f4-e641-431e-86f7-bf2f85b3de92,Forgetfulness Potion,Memory loss,,Orange in colour,,Beginner,"2 drops of Lethe River Water, 2 Valerian sprigs, 2 measures of Standard Ingredient, 4 mistletoe berries",,,https://static.wikia.nocookie.net/harrypotter/images/a/aa/Forgetfulness-potion.png,https://harrypotter.fandom.com/wiki/Forgetfulness_Potion
0274f3b0-6582-4c22-b62e-0615b5c28fa1,Gregory's Unctuous Unction,Made the drinker think the one who gave them the potion was their best friend,,Green smoke,,,,Gregory the Smarmy,,https://static.wikia.nocookie.net/harrypotter/images/0/0a/Gregory%27s_Unctuous_Unction.jpg,https://harrypotter.fandom.com/wiki/Gregory's_Unctuous_Unction
592ab48f-bfa0-420b-a2c8-b9227dd04840,Healing Potion,"Healing, replenishes lost health and stamina to the drinker",,Blood red in colour,Two hours,Beginner,"Wormwood, Bubotuber pus, Dittany, Dragon liver",,,https://static.wikia.nocookie.net/harrypotter/images/e/ec/Healing_Potion_WU.png,https://harrypotter.fandom.com/wiki/Healing_Potion
bd34cfd2-aca4-4f39-8ac1-39eeba91ec07,Erumpent Potion,Explodes when touched,,Green or orange in colour,,Ordinary Wizarding Level,"Erumpent horn (presumably), Erumpent tail (presumably), Exploding Fluid (presumably)",,,https://static.wikia.nocookie.net/harrypotter/images/3/3a/ErumpentPotionHM.png,https://harrypotter.fandom.com/wiki/Erumpent_Potion
b9b6e8c8-c9d5-47d2-9794-f2dd332c261d,Noxious Poison,Poisonous,,Green-coloured smoke,,,,,,https://static.wikia.nocookie.net/harrypotter/images/9/99/Noxious_Poison_TCG.jpg,https://harrypotter.fandom.com/wiki/Noxious_Poison
b751b95b-5f71-4b01-adad-368ac07f08c3,Chelidonium Miniscula,,,Dark yellow in colour,,,,,,https://static.wikia.nocookie.net/harrypotter/images/e/e3/Chelidonium_Miniscula.jpg,https://harrypotter.fandom.com/wiki/Chelidonium_Miniscula
6938cafe-66f5-40af-9f0b-29fb84a809a4,Dragon Poison,Poisonous,,Dark green in colour,,,,,,https://static.wikia.nocookie.net/harrypotter/images/9/92/Dragon_Poison.JPG,https://harrypotter.fandom.com/wiki/Dragon_Poison
4d857791-e9f5-4a1c-8850-e69ec4daac62,Deflating Draught,Deflated the target,,Green in colour,,Ordinary Wizarding Level,,,,https://static.wikia.nocookie.net/harrypotter/images/9/9b/Deflating_Draught_HM.png,https://harrypotter.fandom.com/wiki/Deflating_Draught
a93d821d-e556-4ff2-a743-1069a064f175,Everlasting Elixirs,Permanent magical effects,,Blue in colour,,Advanced,,,,https://static.wikia.nocookie.net/harrypotter/images/7/7f/Everlasting_Elixir_HM_Icon.png,https://harrypotter.fandom.com/wiki/Everlasting_Elixirs
e13c1f01-2e27-4745-b863-de8f10e05f77,Antidote to Veritaserum,Counters the effect of Veritaserum,,,,Advanced,,,,https://static.wikia.nocookie.net/harrypotter/images/3/3e/Antidote_to_Veritaserum_HM.png,https://harrypotter.fandom.com/wiki/Antidote_to_Veritaserum
2a31a91d-d302-4255-af9c-cef7dd6cfd72,Bloodroot Poison,Poisonous,,,,,Bloodroot,,,https://static.wikia.nocookie.net/harrypotter/images/e/eb/Bloodroot_Poison.jpg,https://harrypotter.fandom.com/wiki/Bloodroot_Poison
a6a8c57a-068e-44a5-aed3-b4560b3d6572,Elixir to Induce Euphoria,Induces happiness,"Excessive singing, Nose-tweaking","Sunshine yellow in colour, Emits rainbow when finished",,Advanced,"Shrivelfig, Porcupine quills, Peppermint sprigs, Sopophorous beans, Wormwood",,,https://static.wikia.nocookie.net/harrypotter/images/6/65/Elixir_to_Induce_Euphoria.png,https://harrypotter.fandom.com/wiki/Elixir_to_Induce_Euphoria
ffac9ff9-1b9a-4dac-96e7-84a515ca2683,Fungiface Potion,Causes the drinker's face to break out in fungi,,Red in colour,,,Fungi (presumably),,,https://static.wikia.nocookie.net/harrypotter/images/c/ca/Fungiface_Potion.JPG,https://harrypotter.fandom.com/wiki/Fungiface_Potion
1270ac5b-5c7f-4251-a5d8-92ad5673a7c1,Maximum Turbo Farts Potion,Excessive flatulence,,,,,,,,https://static.wikia.nocookie.net/harrypotter/images/3/30/MaximumTurboFartsPotion.jpg,https://harrypotter.fandom.com/wiki/Maximum_Turbo_Farts_Potion
39472d08-e52e-4a2a-a417-df75a6e737c6,Wit-Sharpening Potion,Improved intellect,,"Green, white or purple in colour",,Moderate to Ordinary Wizarding Level,"Ground scarab beetles, Cut ginger roots, Armadillo bile, Newt spleens",,,https://static.wikia.nocookie.net/harrypotter/images/2/21/Wit-Sharpening_Potion_HM_Icon.png,https://harrypotter.fandom.com/wiki/Wit-Sharpening_Potion
bd96d575-b42a-44eb-81ae-c823035d8bc3,Herbicide Potion,Killed or damaged plants,,Green,,Advanced or Beginner,"Flobberworm Mucus, Horklump juice, Lionfish spines, Standard Ingredient",,,https://static.wikia.nocookie.net/harrypotter/images/d/d0/Herbicide.png,https://harrypotter.fandom.com/wiki/Herbicide_Potion
383d9f16-9ad0-4fef-8a30-cb6368ac0f3f,Bundimun Secretion,,,"Lime green in colour, Emits vapours",,,,,,https://static.wikia.nocookie.net/harrypotter/images/a/a0/Ooze.JPG,https://harrypotter.fandom.com/wiki/Bundimun_Secretion
89d4c65b-0908-4d61-8dde-f05a16b3bced,Babbling Beverage,Caused the drinker to speak nonsense,,"Red or yellow in colour, Smelt like bubblegum",,Moderate,"Valerian sprigs, Aconite, Dittany",,,https://static.wikia.nocookie.net/harrypotter/images/5/5d/HM_y3_Babbling_Beverage.png,https://harrypotter.fandom.com/wiki/Babbling_Beverage
bb99ba94-4657-413f-9ea1-f4b1181f6b68,Garrotting Gas,"Causes choking, possibly suffocation",,Colourless,,Advanced,,,,https://static.wikia.nocookie.net/harrypotter/images/3/32/Garrotting_Gas_HM.png,https://harrypotter.fandom.com/wiki/Garrotting_Gas
2a565693-6616-40dc-93ca-fe30abe1ff6f,Skele-Gro,Restored bones,,"Smoked when poured, Vile taste, Burned on the way down, Yellow in colour",,Moderate,"1 Chinese Chomping Cabbage, 3 Puffer-fish, 5 Scarab beetles, 1 Fanged Geranium, 1 arm bone, 1 red spider",Linfred of Stinchcombe (original version),Rubens Winikus and Company Inc.,https://static.wikia.nocookie.net/harrypotter/images/6/6e/Skele-gro.png,https://harrypotter.fandom.com/wiki/Skele-Gro
5191294f-c395-48c1-8e0c-987853b1cdc8,Venomous Tentacula juice,,,"Water clear, The insides of the one who drinks it feels like they are 'burning', The skin colour of who drinks it becomes purple",,,,,,https://static.wikia.nocookie.net/harrypotter/images/c/c2/Venomous_Tentacular_Juice.jpg,https://harrypotter.fandom.com/wiki/Venomous_Tentacula_juice
3bfb223d-3e69-440b-bc3c-5a7ea81f6dff,Pepperup Potion,"Cured common cold, Warmed up recipient",Steam emitted from drinker's ears,Red in colour,,Moderate,"Bicorn horn, Mandrake root, Jewelweed",Glover Hipworth,,https://static.wikia.nocookie.net/harrypotter/images/2/26/PepperupPotionHM.png,https://harrypotter.fandom.com/wiki/Pepperup_Potion
67611fbc-ce62-4908-9c31-a65d328e2a90,Emerald Potion,"Induced fear, delirium, intense stomach pain and extreme thirst in the drinker",,"Emerald green in colour, Glows phosphorescently",,,,Lord Voldemort (quite possibly),Lord Voldemort (quite possibly),https://static.wikia.nocookie.net/harrypotter/images/6/68/Emerald_Green_Potion.jpg,https://harrypotter.fandom.com/wiki/Emerald_Potion
b26b1473-220a-4d3f-89a8-445a4b49e38b,Quodpot solution,Prevents Quods from exploding,,,,,,,,,https://harrypotter.fandom.com/wiki/Quodpot_solution
904156ed-17d1-4807-be66-5f37bbfd4f16,Girding Potion,Prolonged endurance,,"Green or red in colour, Foul odour",,Moderate,"Dragonfly thoraxes, Flying Seahorses, Doxy eggs, Fairy wings",,,https://static.wikia.nocookie.net/harrypotter/images/0/02/Girding_Potion_HBPG.png,https://harrypotter.fandom.com/wiki/Girding_Potion
c606b81b-cfb3-448e-92f4-41185fef3068,Invisibility Potion,Temporary invisibility,,"Silver in colour, Very bubbly",,Moderate,"Cherries, Chicken, Spiders",,,https://static.wikia.nocookie.net/harrypotter/images/f/fa/Invisibility_potion.jpg,https://harrypotter.fandom.com/wiki/Invisibility_Potion
32e54b1e-79c7-4962-a89c-c749775246c1,Calming Draught,Calms the drinker,"Unpleasant results if consumed by certain animals, Burning mouth sensation, watery eyes or uncontrollable sobbing if too much peppermint oil added",Blue in colour,,Moderate to Advanced,"Lavender, Crocodile heart, Peppermint",,,https://static.wikia.nocookie.net/harrypotter/images/0/06/HM_y4_Calming_Draught.png,https://harrypotter.fandom.com/wiki/Calming_Draught
5cf13fb2-6618-4cca-b057-a944670ea3ed,Revive Potion,Awakened victim,,Red,,,,,,https://static.wikia.nocookie.net/harrypotter/images/8/85/RevivePotion.png,https://harrypotter.fandom.com/wiki/Revive_Potion
90a09472-f753-4139-b2f4-3f54283c2c3e,Angel's Trumpet Draught,Poisonous,,,,,Angel's Trumpet,,,https://static.wikia.nocookie.net/harrypotter/images/c/c8/Angels_Trumpet_Draught.JPG,https://harrypotter.fandom.com/wiki/Angel's_Trumpet_Draught
5ba69f89-cbd2-4379-a334-651fda4267cd,Wound-Cleaning Potion,"Antiseptic, cleaned wounds",,"Purple liquid, Smoked on contact, Stung on contact",,Advanced,,,,https://static.wikia.nocookie.net/harrypotter/images/a/a0/WoundCleaningPotionHM.png,https://harrypotter.fandom.com/wiki/Wound-Cleaning_Potion
caf2b7e6-05d7-49ef-b753-dc2b1c5e0f13,Muffling Draught,Prevents inhaler from speaking,,Produces blue-coloured fumes,,,,,,https://static.wikia.nocookie.net/harrypotter/images/e/ed/Muffling_Draught.JPG,https://harrypotter.fandom.com/wiki/Muffling_Draught
0c83bc5c-2de1-4552-9308-40aa58cf683d,Draught of Living Death,"Caused the drinker to fall into a deep, death-like slumber",,Turned pale lilac colour then clear,,Advanced,"Standard potioning water, Powdered Root of Asphodel, Infusion of Wormwood, Valerian root, A Sopophorous bean, A Sloth brain, Moondew, Flower head",,,https://static.wikia.nocookie.net/harrypotter/images/e/e8/Draught_of_living_death.gif,https://harrypotter.fandom.com/wiki/Draught_of_Living_Death
db6545bc-09db-4d8e-ac44-7cba6f3a0b33,Kissing Concoction,Causes the drinker to become infatuated with the giver of the potion,,Clear in colour,,,Pearl Dust,Fred and George Weasley,,https://static.wikia.nocookie.net/harrypotter/images/e/e0/KissingConcoction.jpg,https://harrypotter.fandom.com/wiki/Kissing_Concoction
e4ca6e57-45b8-4623-ae56-ada6fa2699fc,Pompion Potion,Turns the drinker's head into a pumpkin,,Orange-coloured,,Beginner,"Flitterby Moth, Bouncing Bulb, Foxglove",,,https://static.wikia.nocookie.net/harrypotter/images/0/0f/Pumpkin-head_potion.jpg,https://harrypotter.fandom.com/wiki/Pompion_Potion
05f403ce-a4d4-4c5c-b479-21f98231293f,Invigoration Draught,Energised the drinker,,Orange or blue in colour,Three hours,Ordinary Wizarding Level,"Alihotsy leaves, Dried billywig stings, Peppermint, Stewed Mandrake, Infusion of Wormwood, Honeywater, Vervain infusion, Scurvy grass, Lovage",,,https://static.wikia.nocookie.net/harrypotter/images/9/98/Invigoration-draught.png,https://harrypotter.fandom.com/wiki/Invigoration_Draught
e250f9c5-5a34-45be-a761-f704916180da,Regerminating Potion,Germinated plants,,Green or golden in colour,,Advanced,,Tilden Toots,,https://static.wikia.nocookie.net/harrypotter/images/f/f1/Regerminating_Potion_HM_Icon.png,https://harrypotter.fandom.com/wiki/Regerminating_Potion
52872727-b0de-4e18-aadd-d563e43f9eb8,Veritaserum,Forced drinker to speak the truth,,Clear and odourless like water,One lunar phase (about 28 days),Advanced,,,,https://static.wikia.nocookie.net/harrypotter/images/a/a0/Truth_sperum.gif,https://harrypotter.fandom.com/wiki/Veritaserum
ac7554ef-8f66-4e35-a17b-954377658b45,Cure for Boils,Removes boils,Causes nasty boils to erupt on skin if brewed badly,"Blue in colour, Emits pink smoke when completed",,Beginner,"Dried nettles, 6 snake fangs, 4 horned slugs, 2 porcupine quills, Pungous Onions, Flobberworm Mucus, Ginger root, Shrake spines",,,https://static.wikia.nocookie.net/harrypotter/images/4/4b/Cure_for_Boils_2.png,https://harrypotter.fandom.com/wiki/Cure_for_Boils
2b812b9b-4795-4580-88d8-32031e11571d,Sleekeazy's Hair Potion,Makes hair more manageable,Unique results for redheads,,,,"Gomas Barbadensis, Asian Dragon Hair, Petroleum Jelly",Fleamont Potter,,https://static.wikia.nocookie.net/harrypotter/images/c/c6/SleekeasysHairPotion2.jpg,https://harrypotter.fandom.com/wiki/Sleekeazy's_Hair_Potion
1df160c3-c257-49de-a5b0-50815d60d556,Weedosoros,Highly poisonous,,Deep purple in colour,,Moderate,,,,https://static.wikia.nocookie.net/harrypotter/images/6/6b/Weedosoros.jpg,https://harrypotter.fandom.com/wiki/Weedosoros
a339a6a4-d776-4ecf-8628-2dd1256f3291,Death potion,"Highly corrosive, death on contact",,Black in colour,,,,,Magical Congress of the United States of America (presumably),https://static.wikia.nocookie.net/harrypotter/images/3/3d/Death_Potion_FB1.png,https://harrypotter.fandom.com/wiki/Death_potion
87661669-4183-4f6e-957b-adedadf594ce,Hate Potion,Revealed the worst traits of a person to the drinker,,,,,,,,,https://harrypotter.fandom.com/wiki/Hate_Potion
b59085ea-622a-4c67-ab71-dba5db61bdce,Ageing Potion,Aged drinker temporarily,,Green,,Advanced,"Newt spleens, Bananas, An orange snake, A green leaf",,,https://static.wikia.nocookie.net/harrypotter/images/5/51/Ageing_Potion_PM.png,https://harrypotter.fandom.com/wiki/Ageing_Potion
5f104eb3-8ebf-4974-bf3f-cc2581e74e84,Rat Tonic,Healed rats,Abnormal growth of the rat if too much was drunk by rat,Green or red in colour,,Advanced,,,,https://static.wikia.nocookie.net/harrypotter/images/0/0f/Rat-tonic-lrg.png,https://harrypotter.fandom.com/wiki/Rat_tonic
7187e2e7-5df7-4841-9543-816ee6be8643,Dragon Tonic,Cures sick dragons,,,,,"1 Eagle owl feather, 3 Peacock feathers, 3 Giant Purple Toad warts",,,,https://harrypotter.fandom.com/wiki/Dragon_Tonic
f143bfe2-b32e-4277-8035-b008cd22c0a9,Solution 125,,,Muddy-brown colour,,,,,,https://static.wikia.nocookie.net/harrypotter/images/e/e6/Solution_125.jpg,https://harrypotter.fandom.com/wiki/Solution_125
d07b062c-b98f-4da6-98ab-26745d622723,Wiggenweld Potion,"Healed injuries and replenished stamina, Antidote to sleeping potions",,"Green, red pink or blue in colour",,Beginner,"Wiggentree bark, Moly, Dittany, One pint of Horklump juice, 2 drops of Flobberworm Mucus, 7 Chizpurfle fangs, Billywig sting slime, A sprig of mint, Boom Berry juice, One stewed Mandrake, Drops of Honeywater, Sloth brain Mucus, Moondew drops, Salamander blood, 10 Lionfish spines, Unicorn horn, Wolfsbane",,,https://static.wikia.nocookie.net/harrypotter/images/6/64/Wiggenweld_Potion_HM.png,https://harrypotter.fandom.com/wiki/Wiggenweld_Potion
0406fa20-4fa3-45fc-8092-c042bcc5a175,Golden potion,"Healing, curse quarantining",,Golden in colour,,,,,,https://static.wikia.nocookie.net/harrypotter/images/6/6f/Thick_golden_potion.png,https://harrypotter.fandom.com/wiki/Thick_golden_potion
e28e363e-378f-4443-aaee-5a77066dfcdd,Grand Pepperup Potion,Relieved and/or cured cold symptoms,Caused steam to come out of the drinker's ears for a few hours,Red in colour,,,"Octopus Powder, Bicorn horn, Mandrake Root",Glover Hipworth (possibly),,https://static.wikia.nocookie.net/harrypotter/images/a/a0/Grand_Pepperup_Potion.jpg,https://harrypotter.fandom.com/wiki/Grand_Pepperup_Potion
cded4c8a-a46b-4911-beac-694b38f60a1a,Mouth Itching Antidote,Cured mouth itching,,Pale green in colour,,,,,,https://static.wikia.nocookie.net/harrypotter/images/f/fa/Mouth_Itching_Antidote.jpg,https://harrypotter.fandom.com/wiki/Mouth_Itching_Antidote
3bd9262d-2f2e-450f-b8b9-a826911d45bf,Wideye Potion,"Awakened victim, Prevented sleeping",,Blue/green in colour,,Beginner to Moderate,"6 snake fangs, 4 measures of Standard Ingredient, 6 dried Billywig stings, 2 sprigs of Wolfsbane",,,https://static.wikia.nocookie.net/harrypotter/images/9/9f/Wideye-or-awakening-potion.png,https://harrypotter.fandom.com/wiki/Wideye_Potion
9c9f25ac-ee14-4a66-97f6-0186d261ab76,Anti-Paralysis Potion,Cured paralysis,,Pink in colour,,,,,,https://static.wikia.nocookie.net/harrypotter/images/a/aa/Anti-Paralysis_Potion.png,https://harrypotter.fandom.com/wiki/Anti-Paralysis_Potion
e3aa8bfb-4e67-4f47-b35a-a5abeb30870a,Potion № 86,Poisonous,,Black in colour,,,"Powdered moonstone, Syrup of Hellebore",,,https://static.wikia.nocookie.net/harrypotter/images/9/9f/Potion_N.86.jpg,https://harrypotter.fandom.com/wiki/Potion_No._86
5b9af7ad-cb6d-422e-97c7-460a3be4cc7a,Hiccoughing Solution,Presumably causes hiccoughs,,Yellow in colour,,,,,,https://static.wikia.nocookie.net/harrypotter/images/9/92/HiccoughingSolution.png,https://harrypotter.fandom.com/wiki/Hiccoughing_Solution
baf2b566-7346-4d4d-8f41-818573d38d48,First Love Beguiling Bubbles,Causes the drinker to become infatuated with the giver of the potion,,Red in colour,,,Pearl Dust,Fred and George Weasley,,https://static.wikia.nocookie.net/harrypotter/images/9/9a/BeguilingBubbles.jpg,https://harrypotter.fandom.com/wiki/First_Love_Beguiling_Bubbles
a877a44f-7064-4784-8688-906a13a827ab,Draught of Peace,Relieved anxiety,Overdoing the ingredients may have resulted in a long or irreversible sleep,Emitted light silver vapour,90 minutes,Advanced,"Powdered moonstone, Syrup of Hellebore, Stewed Mandrake, Powdered Unicorn horn, Powdered Porcupine quills",,,https://static.wikia.nocookie.net/harrypotter/images/c/cf/Draught_of_Peace_HM.png,https://harrypotter.fandom.com/wiki/Draught_of_Peace
9ac59cb3-6e09-4a0c-ab1b-7b2e8927b01a,Antidote to Common Poisons,Counteracted the effects of common poisons,,Teal-coloured,,Beginner to Moderate,"1 Bezoar, 2 measures of Standard Ingredient, 1 pinch of unicorn horn, 2 mistletoe berries",,,https://static.wikia.nocookie.net/harrypotter/images/9/96/Antidote-to-common-poisons.png,https://harrypotter.fandom.com/wiki/Antidote_to_Common_Poisons
dd7a6463-e4d7-44f8-85f0-1dd0cf9623b5,Fatiguing Fusion,Causes fatigue,,Green-coloured smoke,,,,,,https://static.wikia.nocookie.net/harrypotter/images/f/fc/Fatiguing_Fusion.jpg,https://harrypotter.fandom.com/wiki/Fatiguing_Fusion
5390a7e0-3f8f-49c4-9689-c958e0456453,Volubilis Potion,Altered the drinker's voice,,Yellow-coloured when finished,,Beginner,"Honeywater, Mint sprigs, Stewed Mandrake, Syrup of Hellebore",,,https://static.wikia.nocookie.net/harrypotter/images/e/e5/Volubilis_Potion.jpg,https://harrypotter.fandom.com/wiki/Volubilis_Potion
ec0c60a9-64b9-4290-911f-8573b6a34aa3,Tolipan Blemish Blitzer,Treats acne,,"White in colour, Thick paste consistency",,,Dragon claw,,,https://static.wikia.nocookie.net/harrypotter/images/c/c1/TolipanBlemishBlitzer.png,https://harrypotter.fandom.com/wiki/Tolipan_Blemish_Blitzer
deee2cc6-a80d-4917-bf8b-1dba48a0f02b,Baneberry Potion,Poison,,Blood red,,,Baneberry,,,https://static.wikia.nocookie.net/harrypotter/images/9/93/Baneberry_Potion.JPG,https://harrypotter.fandom.com/wiki/Baneberry_Potion
0b723e78-32ce-49c4-b60e-1c3edd259830,Dr Ubbly's Oblivious Unction,Healed wounds left by negative thoughts,,,,,,Dr Ubbly (presumably),,,https://harrypotter.fandom.com/wiki/Dr_Ubbly's_Oblivious_Unction
1ae47a56-145b-4e08-b04d-f0f6f11e533d,Weakness Potion,Fumes cause weakness,,Yellowish in colour,,,,,,https://static.wikia.nocookie.net/harrypotter/images/1/16/WeaknessPotion.jpg,https://harrypotter.fandom.com/wiki/Weakness_Potion
03d5bb37-ab63-443e-ba6a-a92ea4ef6fd6,Laxative Potion,Laxative,,,,,"Two scrumples of an unknown ingredient, An ingredient used in a furnace, Agrimonia",,,,https://harrypotter.fandom.com/wiki/Laxative_Potion
4e593edf-d187-47dc-b837-2aa29d1f632a,Madame Glossy's Silver Polish,Polishes silver objects,,,,,,,Madame Glossy's Finest Cleaning Products Ltd.,https://static.wikia.nocookie.net/harrypotter/images/d/df/Madame_Glossy%27s_Silver_Polish.jpg,https://harrypotter.fandom.com/wiki/Madame_Glossy's_Silver_Polish
66be95ce-a315-4c2e-941e-edbea40ecf6a,Hair-Raising Potion,Raises hair up on end,,Green in colour,,Beginner to Ordinary Wizarding Level,"Rat tails, Porcupine quills, Billywig stings",,,https://static.wikia.nocookie.net/harrypotter/images/b/bb/Hair_Raising_Potion_HM_Icon.png,https://harrypotter.fandom.com/wiki/Hair-Raising_Potion
fbb13455-04c0-41d0-b815-456c7443cbf7,Replenishing Potion,Replenishes something,,,,,,,Hogwarts Apothecary Dept.,https://static.wikia.nocookie.net/harrypotter/images/5/56/ReplenishingPotion.jpg,https://harrypotter.fandom.com/wiki/Replenishing_Potion
e4cfb23b-1878-48c6-a537-f377a4fdeeb7,Mandrake Restorative Draught,Returns transfigured or cursed individuals to their original state,,,,,Stewed Mandrake,,,https://static.wikia.nocookie.net/harrypotter/images/a/ae/Mandrake_Restorative_Draught_HM.jpg,https://harrypotter.fandom.com/wiki/Mandrake_Restorative_Draught
e2284001-690b-4ea1-912e-cfa3bc6f40b6,Strengthening Solution,Superhuman strength,,Turquoise in colour,,Beginner to advanced,"Salamander blood, Powdered Griffin claw",,,https://static.wikia.nocookie.net/harrypotter/images/0/04/HM_y2_Strengthening_Solution.png,https://harrypotter.fandom.com/wiki/Strengthening_Solution
49f98f5f-2f0a-4b2f-8e49-21c6aa558596,Essence of Insanity,Mental instability,,Green in colour,,Advanced,"Frog brains, Beetle Eyes",,,https://static.wikia.nocookie.net/harrypotter/images/a/a7/Essence_of_Insanity_HM_Icon.png,https://harrypotter.fandom.com/wiki/Essence_of_Insanity
d6ba523c-fbb9-41fc-973a-8b21557c81fe,Antidote,,,,,,,,,,https://harrypotter.fandom.com/wiki/Antidote
170baf8c-f046-46b8-8c2e-d029ab5ce621,Solution 078,,,Muddy-brown colour,,,,,,https://static.wikia.nocookie.net/harrypotter/images/5/5e/Solution_078.jpg,https://harrypotter.fandom.com/wiki/Solution_078
57052138-fe9d-44ee-9ac3-855ed6809ae5,Laugh-inducing Potion,Provokes uncontrollable laughter,,Red-coloured when finished,,,,,,https://static.wikia.nocookie.net/harrypotter/images/d/da/Laugh-inducing_Potion.jpg,https://harrypotter.fandom.com/wiki/Laugh-inducing_Potion
42f48a69-753b-4fd1-bd2f-50d35e1e44e9,Dizziness Draught,Dizziness,,,,,,,,https://static.wikia.nocookie.net/harrypotter/images/3/37/Dizziness_Draught.jpg,https://harrypotter.fandom.com/wiki/Dizziness_Draught
6fd5ee6a-fcf0-4b9e-97e2-8882bf62bb57,Frog Parts Mixture,,,,,,Frog parts,,,https://static.wikia.nocookie.net/harrypotter/images/d/dd/Frog_Parts_Mixture.jpg,https://harrypotter.fandom.com/wiki/Frog_Parts_Mixture
690e0843-dd73-4dac-9963-8d8763d23bd5,Antidote to Uncommon Poisons,Cures the effects of minor poisons,,Green in colour,,Moderate,"Fire Seeds, Powdered graphorn horn, Billywig stings, Chizpurfle carapaces",,,https://static.wikia.nocookie.net/harrypotter/images/b/bd/Antidote_to_Uncommon_Poisons.png,https://harrypotter.fandom.com/wiki/Antidote_to_Uncommon_Poisons
55c8d2e9-6b9c-4f5d-b70d-b3e98f790500,Vitamix Potion,Burst of energy,Unfortunate but unknown,Blue in colour,,Beginner,"Infusion of Wormwood, Powdered Root of Asphodel, Monkshood",,,https://static.wikia.nocookie.net/harrypotter/images/2/2a/Vitamix_Potion.PNG,https://harrypotter.fandom.com/wiki/Vitamix_Potion
ff3a1735-c972-4f4d-8cdb-dbfa74b4d908,Pomfrey's Pick-Me-Up,"A restorative, tonic or bracer",,Emerald-green colour,,,,Poppy Pomfrey (most likely),,https://static.wikia.nocookie.net/harrypotter/images/6/65/Pomfrey%27s_Pick-Me-Up.jpg,https://harrypotter.fandom.com/wiki/Pomfrey's_Pick-Me-Up
2be02d2b-a406-446b-b18c-21917ea9e937,Heartbreak Teardrops,Causes the drinker to become infatuated with the giver of the potion,,Red in colour,,,Pearl Dust,Fred and George Weasley,,https://static.wikia.nocookie.net/harrypotter/images/f/ff/HeartbreakTeardrops.jpg,https://harrypotter.fandom.com/wiki/Heartbreak_Teardrops
8a946f65-88e0-4062-8a93-a5165b1ff829,Beautification Potion,Enhances the attractiveness of the drinker's physical appearance,,"Changes colour, Emits multi-colour bubbles",,Moderate,"Fairy wings, Morning dew, Rose Petals, Lady's Mantle, Unicorn hair, Ginger roots, Boomslang skin","Zygmunt Budge, Sacharissa Tugwood",,https://static.wikia.nocookie.net/harrypotter/images/8/8b/Beautification_Potion_Bottle.png,https://harrypotter.fandom.com/wiki/Beautification_Potion
9e023fa2-55e4-401c-9576-127780dad815,Burning Bitterroot Balm,Soothing,,Blue-coloured,,,Bitter root,,,https://static.wikia.nocookie.net/harrypotter/images/b/bc/Burning_Bitterroot_Balm.jpg,https://harrypotter.fandom.com/wiki/Burning_Bitterroot_Balm
da157e89-36d5-4b08-a038-e4c7e899359e,Ten-Second Pimple Vanisher,"Treats boils, pimples, blackheads and acne",,Pink in colour,,,,Fred and George Weasley,Weasleys' Wizard Wheezes,https://static.wikia.nocookie.net/harrypotter/images/2/25/Ten-Second_Pimple_Vanisher.jpg,https://harrypotter.fandom.com/wiki/Ten-Second_Pimple_Vanisher
d2163090-bf88-47ec-afd0-8e65f0021d56,Baruffio's Brain Elixir,Allegedly increases one's brain power,Possibly harmful mental side effects if brewed incorrectly,Green in colour,Twelve hours,,"Leaping Toadstools, Frog brains, Runespoor eggs, Powdered dragon claw",Baruffio (presumed),,https://static.wikia.nocookie.net/harrypotter/images/8/8d/Baruffio%E2%80%99s_Brain_Elixir_HM.png,https://harrypotter.fandom.com/wiki/Baruffio's_Brain_Elixir
e01f8157-6096-4593-aab9-2bd7bb8e7d20,Blood-Replenishing Potion,Replenishes lost blood,,Dark red in colour,,,,,,https://static.wikia.nocookie.net/harrypotter/images/4/49/BloodReplenishingPotionHM.png,https://harrypotter.fandom.com/wiki/Blood-Replenishing_Potion
f5ecc1b4-e607-4cff-8d32-da1c492aa514,Truth Serum,Forced the drinker to tell the truth,,,,,Jobberknoll feathers,,,https://static.wikia.nocookie.net/harrypotter/images/d/d9/Veritaserum.jpg,https://harrypotter.fandom.com/wiki/Truth_serum
f74b6ccb-6f56-404b-a7f7-d45c121f5ac9,Swelling Solution,Causes enlargement on contact,,Yellow in colour,,Beginner,"Puffer-fish eyes, Dried nettles, Bat spleens",,,https://static.wikia.nocookie.net/harrypotter/images/a/ad/Swelling_Solution_PM.png,https://harrypotter.fandom.com/wiki/Swelling_Solution
7862f7c1-9386-437c-95db-ae9f25f2e66e,Love potion,Infatuation with whoever offered the potion,Embarrassment on the part of the drinker,Pink in colour,,Advanced,"Ashwinder eggs, Rose thorns, Peppermint, Powdered Moonstone, Pearl Dust, Rose Petals","Laverne de Montmorency, Fred Weasley, George Weasley",,https://static.wikia.nocookie.net/harrypotter/images/3/39/Bottle-of-love-potion-lrg.png,https://harrypotter.fandom.com/wiki/Love_Potion
437d6db3-2ee1-41be-9c52-79ca3683a5a8,Jawbind potion,Causes lockjaw,,Blue in colour and misty,,,,,,https://static.wikia.nocookie.net/harrypotter/images/3/3e/Jawbind_Potion.png,https://harrypotter.fandom.com/wiki/Jawbind_Potion
292e5e19-56d1-4952-a069-e26fd55a5868,Strength Potion,Superhuman strength,,Orange in colour,,Beginner,"Fanged Geranium, Arm bone, Snake fang",,,https://static.wikia.nocookie.net/harrypotter/images/2/2a/Strength_Potion_LEGOY2.gif,https://harrypotter.fandom.com/wiki/Strength_Potion
dd664f6f-8bf1-4d8a-b519-fdc7eee05e5b,Dogbreath Potion,Gives drinker fiery breath,,Purple-coloured,,,,,,https://static.wikia.nocookie.net/harrypotter/images/6/68/Dogbreath_Potion.jpg,https://harrypotter.fandom.com/wiki/Dogbreath_Potion
01a0a46f-495a-4e83-8ba3-2b773c44c811,Screaming Snakes Hair Potion,Hair turns into screaming snakes (presumed),,,,,,,,https://static.wikia.nocookie.net/harrypotter/images/9/9f/Screaming_Snakes_Hair_Potion.jpg,https://harrypotter.fandom.com/wiki/Screaming_Snakes_Hair_Potion
fea0cb2f-1883-451d-b53c-b9c0f4053378,Moonseed Poison,Poisonous,,Silver in colour,,,Moonseed,,,https://static.wikia.nocookie.net/harrypotter/images/6/6b/Moonseed_Poison.JPG,https://harrypotter.fandom.com/wiki/Moonseed_Poison
86e6a89d-e178-490a-ba33-98d479a4e60c,Burn-healing paste,Healed burns,,"Orange in colour, Thick consistency",,,,,,,https://harrypotter.fandom.com/wiki/Burn-Healing_Paste
669377bf-b3c2-4084-b2df-3e1afb0dadb8,Armadillo Bile Mixture,Corrosive,,,,,"Bat wings, Armadillo bile, Wormwood, Armotentia, Acromantula venom, Aconite, Water (likely)",,,https://static.wikia.nocookie.net/harrypotter/images/0/0a/Armadillo_Bile_Mixture.jpg,https://harrypotter.fandom.com/wiki/Armadillo_Bile_Mixture
05fe4345-f5a7-4901-9447-c8fe7d25c2b1,Fire-Protection Potion,Protects drinker from fire,Sensation of ice flooding body,Blue in colour,,Beginner,"Bursting mushrooms, Salamander blood, Wartcap powder",,,https://static.wikia.nocookie.net/harrypotter/images/8/8e/HM_y2_Fire_Protection_Potion.png,https://harrypotter.fandom.com/wiki/Fire_Protection_Potion
02b39b48-7aee-4eb7-8a63-d99d6f94889a,Strong Invigoration Draught,Significantly boosts the energy and focus of the drinker,,Fiery orange in colour,Six hours,Advanced,"Honeywater, Vervain infusion, Scurvy grass, Sneezewort",,,https://static.wikia.nocookie.net/harrypotter/images/3/3a/Strong_Invigoration_Draught_WU.png,https://harrypotter.fandom.com/wiki/Strong_Invigoration_Draught
d204582e-cd10-4a32-8953-c9daa77034ed,Cupid Crystals,Causes the drinker to become infatuated with the giver of the potion,,,,,Pearl Dust,Fred and George Weasley,,https://static.wikia.nocookie.net/harrypotter/images/9/97/CupidCrystals.jpg,https://harrypotter.fandom.com/wiki/Cupid_Crystals
83a4c1f3-24a6-47c5-8203-36c0741e8a0e,Cough Potion,Cured coughing,,,,Advanced,,,,https://static.wikia.nocookie.net/harrypotter/images/6/6e/Cough_Potion_HM_Icon.png,https://harrypotter.fandom.com/wiki/Cough_potion
2f67954a-144b-492a-9013-91b00824e587,Developing solution,Develops moving photographs,,,,,,,,,https://harrypotter.fandom.com/wiki/Developing_solution
0e9e5138-d593-4f51-9c88-6bbba8ff246e,Potion for Dreamless Sleep,"Drowsiness, dreamless sleep",,Purple in colour,,Advanced,,,,https://static.wikia.nocookie.net/harrypotter/images/f/f6/Potion_for_Dreamless_Sleep_PM.png,https://harrypotter.fandom.com/wiki/Potion_for_Dreamless_Sleep
90d69cf4-0ad5-4d84-8829-66be30f98ef8,Death-Cap Draught,Poisonous,,Red in colour,,,Death-Cap,,,https://static.wikia.nocookie.net/harrypotter/images/7/7f/Death-Cap_Draught.JPG,https://harrypotter.fandom.com/wiki/Death-Cap_Draught
30673a4f-6d9d-4949-be6d-ecc5893f8c9b,Befuddlement Draught,Recklessness,,Dark green or red in colour,,Ordinary Wizarding Level,"Scurvy grass, Lovage, Sneezewort",,,https://static.wikia.nocookie.net/harrypotter/images/d/d3/BefuddlementDraughtHM.png,https://harrypotter.fandom.com/wiki/Befuddlement_Draught
13ad337f-f6d0-448d-9ceb-57e8352b0bfe,Shrinking Solution,Causes living beings to shrink to a smaller form,Poisonous if brewed incorrectly,Acid green in colour,,Moderate,"Minced daisy roots, Peeled Shrivelfig, Sliced caterpillars, One rat spleen, A dash of leech juice, A splash of cowbane, Wormwood",Zygmunt Budge,,https://static.wikia.nocookie.net/harrypotter/images/9/95/Shrinking-solution-part-2.png,https://harrypotter.fandom.com/wiki/Shrinking_Solution
f111cfc5-999e-4891-a2d6-3e08cb7bf107,Twilight Moonbeams,Causes the drinker to become infatuated with the giver of the potion,,Red in colour,,,Pearl Dust,Fred and George Weasley,,https://static.wikia.nocookie.net/harrypotter/images/b/b7/TwilightMoonbeams.jpg,https://harrypotter.fandom.com/wiki/Twilight_Moonbeams
ce09d34c-bdd8-41e6-a523-4c1f2b3e43e1,Potion N. 220,,,,,,,,,,https://harrypotter.fandom.com/wiki/Potion_N._220
5541aa20-46dc-4d74-8599-d07f1bff9a7f,Mrs Skower's All-Purpose Magical Mess Remover,Cleans stains,,Strong acrid odour,,,,Mrs Skower (presumably) (after 1492),,https://static.wikia.nocookie.net/harrypotter/images/5/53/Mrs_Scower%27s_All_Purpose_Magical_Mess_Remover.jpg,https://harrypotter.fandom.com/wiki/Mrs_Scower's_All-Purpose_Magical_Mess_Remover
30d2c5b7-1bc9-4c9c-becb-4ea597c86632,Dogbane Potion,Poisonous to dogs (possibly),,,,,Dogbane (possibly),,,https://static.wikia.nocookie.net/harrypotter/images/e/e9/Dogbane_Potion.png,https://harrypotter.fandom.com/wiki/Dogbane_Potion
80c45d05-aec7-4cd1-a204-476c0e8c0952,Drowsiness Draught,Induces drowsiness,,Produces light purple steam,,,,,,https://static.wikia.nocookie.net/harrypotter/images/9/94/Drowsiness_Draught.png,https://harrypotter.fandom.com/wiki/Drowsiness_Draught
6a26fc06-1abe-4b73-acb8-719e93ab6908,Potion № 113,Extremely Poisonous,,"Experimental mixture (possibly), Brown in colour",,,"Jobberknoll feathers, Syrup of Arnica",,,https://static.wikia.nocookie.net/harrypotter/images/2/2d/Potion_N.113.jpg,https://harrypotter.fandom.com/wiki/Potion_No._113
3a75b9b6-fd41-43cb-aea1-c473f8f5c092,Snuffling Potion,Enhances the drinker sense of smell,,Clear smoke upon completion,,,,,,https://static.wikia.nocookie.net/harrypotter/images/a/a0/Snuffling_Potion.jpg,https://harrypotter.fandom.com/wiki/Snuffling_Potion
c672c382-623d-432a-a8da-288e731d68cf,Amortentia,Love potion that caused a powerful infatuation or obsession in the drinker,,"Mother-of-pearl sheen, Spiralling steam, Scent was multi-faceted and varied based on what the person liked",,Advanced,Pearl Dust,,,https://static.wikia.nocookie.net/harrypotter/images/4/49/Amortentia.png,https://harrypotter.fandom.com/wiki/Amortentia
8e15f7d2-5d06-4731-b758-35693b08c71b,Mopsus Potion,"Gives seer-like powers (possibly), Gives telekinetic powers (possibly)",,,,,,,,https://static.wikia.nocookie.net/harrypotter/images/4/4a/MopsusPotion.png,https://harrypotter.fandom.com/wiki/Mopsus_Potion
d86ec117-f220-43a1-b382-3de27b840af4,Bulgeye Potion,Causes eyes to bulge (presumably),,Emerald green in colour,,,,,,https://static.wikia.nocookie.net/harrypotter/images/2/25/Bulgeye.JPG,https://harrypotter.fandom.com/wiki/Bulgeye_Potion
896c8119-24a9-46b4-bc98-24eac2e9eefc,Murtlap Essence,Soothes and heals cuts and abrasions,,Blue in colour,,,Murtlap tentacles,,,https://static.wikia.nocookie.net/harrypotter/images/b/b6/Murtlap_Essence.jpg,https://harrypotter.fandom.com/wiki/Murtlap_Essence
cae8b562-076d-496d-95fe-dc59a20381c3,Flesh-Eating Slug Repellent,Repels Flesh-Eating Slugs,,Water-clear in colour,,,,,,https://static.wikia.nocookie.net/harrypotter/images/b/ba/Flesh-eating-slug-repellent-lrg.png,https://harrypotter.fandom.com/wiki/Flesh-Eating_Slug_Repellent
51cd8447-33d6-4d8c-aabe-dbdb414cb9d4,Confusing Concotion,Confusion,,,,Moderate to advanced,"Scurvy grass, Lovage, Sneezewort",,,,https://harrypotter.fandom.com/wiki/Confusing_Concoction
303e06ff-c818-440a-b1d2-df208908f0d7,Memory Potion,Enhanced the drinker's memory,,Golden in colour,Two hours and fifteen minutes,Advanced,"Jobberknoll feathers, Stewed Mandrake, Powdered Sage, Galanthus Nivalis, Alihotsy, Peppermint, Eel eyes",,,https://static.wikia.nocookie.net/harrypotter/images/0/07/Memory_Potion_HM_Icon.png,https://harrypotter.fandom.com/wiki/Memory_Potion
13fd7178-260b-44e3-9b3d-74b63b959cb2,Scintillation Solution,,,"Turquoise in colour, Sparkling upon completion",Two hours and fifty minutes,Advanced,,,,https://static.wikia.nocookie.net/harrypotter/images/d/dd/Scintillation_Solution_HM_Icon.png,https://harrypotter.fandom.com/wiki/Scintillation_Solution
292fa42a-830b-4015-a505-192769b01630,Felix Felicis,Makes the drinker lucky,"Giddiness and recklessness with overuse, Extremely toxic in large quantities, Highly disastrous if brewed incorrectly","Molten gold in colour, Droplets leap like goldfish above potion's surface when in cauldron",Six months,Advanced,"Ashwinder egg, Squill bulb, Murtlap tentacles, Tincture of thyme, Occamy eggshell, Powdered common rue",Zygmunt Budge,,https://static.wikia.nocookie.net/harrypotter/images/8/84/Felix_Felicis_Phial_HBP.png,https://harrypotter.fandom.com/wiki/Felix_Felicis
33c7c756-361e-44f3-ad9d-706320e7036f,Restoration Potion,Reverted spell effects on objects or creatures,,Purple-coloured,,,,,,https://static.wikia.nocookie.net/harrypotter/images/f/f1/Restoration_Potion.jpg,https://harrypotter.fandom.com/wiki/Restoration_Potion
1b0126af-07d0-4e9f-9115-8597e4f5d9a3,Star Grass Salve,Healing; soothing injuries,,Greenish substance,,,Star Grass,,,https://static.wikia.nocookie.net/harrypotter/images/7/78/Star_Grass_Salve.JPG,https://harrypotter.fandom.com/wiki/Star_Grass_Salve
048b8ca1-0be6-4263-9113-84eb839d3b9f,Sleeping Draught,Make the drinker quickly fall into a deep but temporary sleep,,Dark purple,,Beginner to Advanced,"4 sprigs of Lavender, 6 measures of Standard Ingredient, 2 blobs of Flobberworm Mucus, 4 Valerian sprigs, Wormwood, Powdered Asphodel petals, Flobberworm Mucus, Sopophorous bean, Valerian sprigs, Nettle essence",,,https://static.wikia.nocookie.net/harrypotter/images/2/2b/Sleeping_Draught.png,https://harrypotter.fandom.com/wiki/Sleeping_Draught
65b3238c-9f06-4c13-bc58-31bce988a1b2,Regeneration potion,Restores a disfigured wizard to their true and whole bodily form,,"Fiery sparks when begun, Poisonous blue when the bone is added, Burning red when the flesh is added, Blinding white becoming steam when blood is added",,Advanced,"Bone of the father, Flesh of a servant, Blood of a foe",,,https://static.wikia.nocookie.net/harrypotter/images/8/85/Rebirth_of_Voldemort_GIF.gif,https://harrypotter.fandom.com/wiki/Regeneration_potion
4aa7047e-4c7d-4510-b5c2-fc120afa4a3a,Elixir of Life,Immortality,Drinker becomes dependent upon advanced age,,,One of a kind,,Nicolas Flamel (by inventing the Philosopher's Stone),The Philosopher's Stone,https://static.wikia.nocookie.net/harrypotter/images/2/25/Elixir_of_Life.jpg,https://harrypotter.fandom.com/wiki/Elixir_of_Life
488a7942-6011-4471-93b2-ed92a27d0a52,Fake protective potions,Supposedly protect the drinker from the effects of dark magic (likely useless),Likely harmful side effects,Fraudulent solutions,,,"Bubotuber Pus, Gravy",,,,https://harrypotter.fandom.com/wiki/Fake_protective_potions
1359a140-3a5b-4053-8c45-f4db249ae50c,Oculus Potion,"Restored sight, Counteracted the Conjunctivitis Curse",,Orange in colour,,Moderate,"Infusion of Wormwood, Stewed Mandrake, Ground Unicorn horn, Unidentified blue powder",,,https://static.wikia.nocookie.net/harrypotter/images/f/f7/OculusPotion.png,https://harrypotter.fandom.com/wiki/Oculus_Potion
ae83f7bf-d39b-4787-b2ab-511005a2dffb,Polyjuice Potion,Allows a human drinker to temporarily assume the form of another person,Attempts to transform into animals or part-humans will not reverse automatically,"Thick and mud-like, Bubbles slowly, Taste and colour vary depending on the person being turned into",One month,Advanced,"Lacewing flies (stewed for 21 days), Leeches, Powdered bicorn horn, Knotgrass, Fluxweed (picked at full moon), Shredded boomslang skin, A bit of the person one wants to turn into (typically hair)",,,https://static.wikia.nocookie.net/harrypotter/images/1/1b/B2C12M2_Polyjuice_Potion_ready.jpg,https://harrypotter.fandom.com/wiki/Polyjuice_Potion
250d7598-cc08-4fea-8cc1-1ab096515b9f,Bruise removal paste,Healed bruises in an hour,,"Thick, yellow paste",,,,Fred and George Weasley,Fred and George Weasley,,https://harrypotter.fandom.com/wiki/Bruise_removal_paste
dfe6e5ee-ae3a-476d-9be5-e43716bd6e57,Rat Spleen Mixture,,,,,,"Rat spleen (15 fl.oz), Kneazle hair (09 fl.oz), Avocado skin (14 fl.oz), Shrake spikes (28 fl.oz), Knotgrass (34 fl.oz), Gurdyroot (39 fl.oz)",,,https://static.wikia.nocookie.net/harrypotter/images/e/eb/Rat_Spleen_Mixture.jpg,https://harrypotter.fandom.com/wiki/Rat_Spleen_Mixture
83229f48-09a1-4dc3-af6b-e911a1192628,Doxycide,Temporarily stunned Doxies so that the pests could be removed from a home,,"Black in colour, Typically delivered as a spray",,Moderate,"Bundimun Ooze, Streeler shells, Dragon liver, Hemlock essence, Tormentil tincture, Cowbane essence",Zygmunt Budge,,https://static.wikia.nocookie.net/harrypotter/images/d/d1/Doxycide-potion-part-2.png,https://harrypotter.fandom.com/wiki/Doxycide
036a7c73-1c9b-4485-9946-ba7c12f7c4c5,Malevolent Mixture,Poison or other foul effects (most likely),,Purple in colour,,,,,,https://static.wikia.nocookie.net/harrypotter/images/b/bd/Malevolent_Mixture.jpg,https://harrypotter.fandom.com/wiki/Malevolent_Mixture
d195e2ba-66a1-41f9-9fad-4c812de94668,Everklena,"Supposedly cleaned, but actually spawned mould and grime",,,,,,Erica Stainwright,Erica Stainwright,https://static.wikia.nocookie.net/harrypotter/images/f/fd/Everklena.jpg,https://harrypotter.fandom.com/wiki/Everklena
b4eb8c0c-b7cb-4f1a-accc-ebd8003447b1,Fergus Fungal Budge,"Treats ringworm, fungicide",Potential negative side effects if used by elves,,,,"Onion juice, Jewelweed, Neem oil",,,https://static.wikia.nocookie.net/harrypotter/images/d/d0/Fergus_Fungal_Budge.JPG,https://harrypotter.fandom.com/wiki/Fergus_Fungal_Budge
4f0c18f7-f3f0-46bb-a66a-81926a7cab27,Caxambu Style Borborygmus Potion,Provokes stomach growling,,,,,,,Apothecary Department,https://static.wikia.nocookie.net/harrypotter/images/8/8a/Caxambu_Style_Borborygmus_Potion.jpg,https://harrypotter.fandom.com/wiki/Caxambu_Style_Borborygmus_Potion
5c00ef79-611b-460c-abfd-0eb22bac042b,Potion No. 329,,,,,,,,Hogwarts Apothecary Department,https://static.wikia.nocookie.net/harrypotter/images/f/fc/Potion_No._329.jpg,https://harrypotter.fandom.com/wiki/Potion_No._329
364d9996-254d-4e97-8dcb-3564cb65fade,Exstimulo Potion,Increases the spell power of a single spell cast,,Sky  blue in colour,Two hours,Beginner,"Re'em blood, Granian hair, Snowdrop, Bitter root",,,https://static.wikia.nocookie.net/harrypotter/images/e/e5/Exstimulo_Potion.png,https://harrypotter.fandom.com/wiki/Exstimulo_Potion
71f858ea-1e62-4d80-9662-c81a44230065,Fire-Breathing Potion,Makes a human breath fire,Can burn skin,Fiery orange in colour,,,"Mint, Valerian Sprigs, Fire Seeds, Powdered dragon horn, Lavender",,,https://static.wikia.nocookie.net/harrypotter/images/6/66/HM_y2_Fire-Breathing_Potion.png,https://harrypotter.fandom.com/wiki/Fire-Breathing_Potion
