id,slug,name,incantation,category,effect,light,hand,creator,image,wiki
2237352e-ff95-45ac-9936-c3a89cff2004,confundus-charm,Confundus Charm,Confundo (con-FUN-doe),Charm,Confuses the target,Pink,,,https://static.wikia.nocookie.net/harrypotter/images/f/f1/NewtConfundus.gif,https://harrypotter.fandom.com/wiki/Confundus_Charm
3405d303-5349-47d0-a3a5-d500ea2f16c7,lumos-maxima,Lumos Maxima,Lumos Maxima (LOO-mos MAX-i-muh),Charm,Produces bright light from wand tip,White,Flick wandDraw wand backFlick again,,https://static.wikia.nocookie.net/harrypotter/images/f/f4/Lumos_Maxima.gif,https://harrypotter.fandom.com/wiki/Lumos_Maxima
3c5e3a5e-d61c-4d3b-b3af-3398bf996b06,drought-charm,Drought Charm,,Charm,Dried up small bodies of water,None,,,https://static.wikia.nocookie.net/harrypotter/images/f/fd/DroughtCharmHM.png,https://harrypotter.fandom.com/wiki/Drought_Charm
42f495a8-795b-4a53-9057-b2db65e7256f,one-eyed-witch-spell,One-Eyed Witch Spell,Dissendium (dis-SEN-dee-um),Charm,"Reveals secret passages, particularly the One-Eyed Witch Passage",None,Tap target with wand,,https://static.wikia.nocookie.net/harrypotter/images/b/bf/Dissendium.gif,https://harrypotter.fandom.com/wiki/One-Eyed_Witch_Spell
92feb391-dd67-4132-835e-c661022d00ef,protego-horribilis,Protego horribilis,Protego horribilis (proh-TAY-goh hor-i-BIL-luhs),Charm,Summons a powerful protective barrier,,Point wand at sky,,,https://harrypotter.fandom.com/wiki/Protego_horribilis
b4c0d0f7-56b4-4b8a-9388-eb9e87b04f45,entrail-expelling-curse,Entrail-Expelling Curse,,"Curse, Healing spell",Expels entrails (presumably),,,Urquhart Rackharrow (1600s),,https://harrypotter.fandom.com/wiki/Entrail-Expelling_Curse
fc17a750-a015-447f-86ac-0982dae9eb87,revealing-charm,Revealing Charm,Aparecium (AH-par-EH-see-um),Charm,Reveals hidden writing,White,,,https://static.wikia.nocookie.net/harrypotter/images/0/02/Aparecium.jpg,https://harrypotter.fandom.com/wiki/Revealing_Charm
62c72a48-e61b-4429-8d15-9e43d760e151,pumpkin-head-jinx,Pumpkin-Head Jinx,Melofors (MEL-oh-fors),"Conjuration, Jinx",Encases head in pumpkin,Orange,,,https://static.wikia.nocookie.net/harrypotter/images/9/97/Melofors_Jinx_HM_spell_icon.png,https://harrypotter.fandom.com/wiki/Pumpkin-Head_Jinx
5c59f36d-ff99-46aa-b157-e1b388971dc3,anti-intruder-jinx,Anti-intruder jinxes,,Jinx,Repels intruders,,,,,https://harrypotter.fandom.com/wiki/Anti-intruder_jinx
996cc1e5-6cea-44e6-ae8c-2e4b6979d219,exploding-charm,Exploding Charm,Bombarda (bom-BAR-da),Charm,Small explosion,None,,,https://static.wikia.nocookie.net/harrypotter/images/c/ca/Bombarda_HM_Spell_Icon.png,https://harrypotter.fandom.com/wiki/Exploding_Charm
e2746d94-6e42-44e4-96aa-d61445a6d48d,imperius-curse,Imperius Curse,Imperio (im-PEER-ee-oh),Curse,Total control,None,Point wand at victim,,https://static.wikia.nocookie.net/harrypotter/images/8/8c/Imperio1.gif,https://harrypotter.fandom.com/wiki/Imperius_Curse
229584b5-2a68-4c8d-adfa-6cf7573f16cf,patronus-charm,Patronus Charm,Expecto Patronum (ex-PEK-toh pa-TRO-num),Charm,Conjures a spirit guardian,Silver,,,https://static.wikia.nocookie.net/harrypotter/images/f/fe/Patronus_PM_SilverStagPatronus_MomentIllust.jpg,https://harrypotter.fandom.com/wiki/Patronus_Charm
f2717d5a-3146-4f95-a127-cfa8cef98405,bubble-head-charm,Bubble-Head Charm,,Charm,Creates bubble protecting the head,None,,,https://static.wikia.nocookie.net/harrypotter/images/9/99/Cedric_Diggory_using_Bubble-Head_Charm_for_the_Tri-wizard_Tournament_2nd_Task_%28Concept_Artwork%29.jpg,https://harrypotter.fandom.com/wiki/Bubble-Head_Charm
083bddab-1def-4cd6-9401-9900bb289e09,homonculous-charm,Homonculous Charm,,Charm,"When cast onto a map, it enables to track the movements of every person in the mapped area",,,,https://static.wikia.nocookie.net/harrypotter/images/c/c1/Dumbledore_on_the_Marauder%27s_Map.gif,https://harrypotter.fandom.com/wiki/Homonculous_Charm
778f85a4-9d33-46b4-bfcf-904652617194,babbling-curse,Babbling Curse,,Curse,Uncontrollable babbling,Yellow,,,https://static.wikia.nocookie.net/harrypotter/images/b/b7/Babbling_Curse.png,https://harrypotter.fandom.com/wiki/Babbling_Curse
6b637741-25aa-453a-a141-bfd71c2d721f,deprimo,Deprimo Spell,Deprimo (deh-PREEM-oh),Charm,Blasts holes in ground,Green or none,,,https://static.wikia.nocookie.net/harrypotter/images/b/be/DeprimoHM.png,https://harrypotter.fandom.com/wiki/Deprimo
de33a1c5-33f2-4ec7-a21a-6eb9a6e2f3d6,insect-hex,Insect Hex,Entomorphis (en-toh-MOR-fis),"Transfiguration, Jinx, Hex",Gives target insectoid qualities for a short period of time,"Red, purple or none",,,https://static.wikia.nocookie.net/harrypotter/images/7/70/Insect_Hex_HM.png,https://harrypotter.fandom.com/wiki/Insect_Hex
3db2e1a9-423f-4102-ac07-99b90c870223,hair-loss-curse,Hair Loss Curse,Calvorio (cal-VOR-ee-oh),Curse,Removes victim's hair,Red or Purple,,,https://static.wikia.nocookie.net/harrypotter/images/c/c7/Calvorio_-_Lego.jpg,https://harrypotter.fandom.com/wiki/Hair_Loss_Curse
21db83c7-d753-4d8a-b7c1-ab305afff13c,stretching-jinx,Stretching Jinx,,Jinx,Stretches the target,None,,,https://static.wikia.nocookie.net/harrypotter/images/4/45/Stretching_Jinx_HM_Spell_Icon.png,https://harrypotter.fandom.com/wiki/Stretching_Jinx
ca184096-d37c-466f-906b-f3caf0739b4f,pus-squirting-spell,Pus Squirting Hex,,Hex,Caused yellowish pus to squirt from one's nose,Yellow,,,https://static.wikia.nocookie.net/harrypotter/images/0/01/Pus_Squirting_Hex_HM.png,https://harrypotter.fandom.com/wiki/Pus-squirting_spell
b3b38726-fc46-4f7c-9b6b-6f4bef0dc914,minerva-mcgonagall-s-fire-creating-spell,Fire-creating spell,,Conjuration,Creates large blasts of fire,Fire,Waving motion with wand,,https://static.wikia.nocookie.net/harrypotter/images/c/ca/Fiery_Offensive_Spell.gif,https://harrypotter.fandom.com/wiki/Minerva_McGonagall's_fire-creating_spell
3bbe3ccb-aa01-40a2-9539-d49db1eb5f35,flask-conjuring-spell,Flask-conjuring spell,,Conjuration,Conjures flask,None,,,,https://harrypotter.fandom.com/wiki/Flask-conjuring_spell
fbbc19c1-a352-48de-9fe7-970472ad4484,trip-jinx,Trip Jinx,,Jinx,Trips victim,Red or purple,,,https://static.wikia.nocookie.net/harrypotter/images/d/dc/TripJinxHM.png,https://harrypotter.fandom.com/wiki/Trip_Jinx
762c5fca-d03b-41d4-b2fd-1d339a1fd06d,tongue-tying-curse,Tongue-Tying Curse,Mimblewimble (MIM-bull-wim-bull),Curse,Ties tongue in knot,Blue or purple,,,https://static.wikia.nocookie.net/harrypotter/images/d/dc/Mimblewimble.jpg,https://harrypotter.fandom.com/wiki/Tongue-Tying_Curse
d8195f51-8a6a-4ef0-884f-6c4d5c8a4f6f,langlock,Langlock,Langlock (LANG-lock),Jinx,Sticks tongue to roof of the mouth,None,,Severus Snape,https://static.wikia.nocookie.net/harrypotter/images/f/f2/Langlock.png,https://harrypotter.fandom.com/wiki/Langlock
c276f6ad-f442-4ff8-a61e-d63de50ff251,cribbing-spell,Cribbing Spell,,Charm,Assists the caster in cheating on written papers,,,,,https://harrypotter.fandom.com/wiki/Cribbing_Spell
936989ad-5ace-4921-b8a7-7b50400661aa,tickling-hex,Tickling Hex,Titillando (ti-tee-LAN-do),Hex,Tickled and weakened,Purple,,,https://static.wikia.nocookie.net/harrypotter/images/6/65/Tickling_Hex_HM.png,https://harrypotter.fandom.com/wiki/Tickling_Hex
754ee09f-1f97-4648-9dbd-3fd37538b0b0,general-counter-spell,General Counter-Spell,"Finite (fi-NEE-tay), Finite Incantatem'(fi-NEE-tay in-can-TAH-tem)",Counter-spell,Terminates all spell effects,Red,,,https://static.wikia.nocookie.net/harrypotter/images/e/e7/Finite_Incantatem0.gif,https://harrypotter.fandom.com/wiki/General_Counter-Spell
750dc351-f903-4e7c-8be8-3ce2b9dce1f1,vanishing-spell,Vanishing Spell,Evanesco (ev-an-ES-ko),Transfiguration,Vanishes objects,None,,,https://static.wikia.nocookie.net/harrypotter/images/a/ab/HM_y4_Evanesco.png,https://harrypotter.fandom.com/wiki/Vanishing_Spell
3eb519a8-2323-497c-9a76-96792c403d9d,wiping-spell,Wiping Spell,Tergeo (ter-GEE-o),Charm,Cleans up objects,None,Point wand at target,,https://static.wikia.nocookie.net/harrypotter/images/2/29/TergeoPAS.png,https://harrypotter.fandom.com/wiki/Wiping_Spell
bb045039-1257-4026-8436-3363b65798ff,bubble-spell,Bubble Spell,,Conjuration,Creates a stream of non-bursting bubbles,None,,,https://static.wikia.nocookie.net/harrypotter/images/d/d8/Bubble_Spell_HM.png,https://harrypotter.fandom.com/wiki/Bubble_Spell
b5fe4050-0084-4a2b-bea2-7bbd3a589c64,anti-cheating-spell,Anti-Cheating Spell,,Charm,Prevents cheating,Purple,,,https://static.wikia.nocookie.net/harrypotter/images/f/fa/Anti-CheatingSpell.png,https://harrypotter.fandom.com/wiki/Anti-Cheating_Spell
429dabf7-2187-42e5-b362-b98b53739e7e,false-memory-spell,False memory spell,,Spell,Implanted a false memory in the victim's mind,,,Mnemone Radford c. 1900s (possibly),,https://harrypotter.fandom.com/wiki/False_memory_spell
2db49458-5fa3-4b3a-99d9-a15378214080,reviving-spell,Reviving Spell,Rennervate (REN-ner-VAH-tay),Charm,Awakened target from unconsciousness,Red or none,Point wand at chest,,https://static.wikia.nocookie.net/harrypotter/images/8/8c/Revive_Charm_WU.png,https://harrypotter.fandom.com/wiki/Reviving_Spell
745b7460-07ad-45df-b437-a19adc7774dd,glacius-tria,Glacius Tria,Glacius Tria (GLAY-see-us TREE-ah),Charm,Freezes target enemy,Blue,,,,https://harrypotter.fandom.com/wiki/Glacius_Tria
e0bfa842-20c0-45a2-812d-4f064a2ed176,human-presence-revealing-spell,Human-presence-revealing Spell,Homenum Revelio (hoh-MUN-num reh-VEH-lee-oh),Charm,Reveals human presence,None,,,https://static.wikia.nocookie.net/harrypotter/images/1/1d/Homenum_reveilo.gif,https://harrypotter.fandom.com/wiki/Human-presence-revealing_spell
4e6f14b6-c365-406e-aaff-218addec2144,transmogrifian-torture,Transmogrifian Torture,,Curse,"Tortures, possibly by transfiguring the target to death",,,,,https://harrypotter.fandom.com/wiki/Transmogrifian_Torture
6f545747-5fe4-4c02-a2df-9a59d7f59a64,impervius-charm,Impervius Charm,Impervius (im-PUR-vee-us),Charm,Waterproofed an object,None,,,https://static.wikia.nocookie.net/harrypotter/images/d/d8/Impervius_HM.png,https://harrypotter.fandom.com/wiki/Impervius_Charm
7e197827-c4f7-4c9a-ae92-35613c51af8c,evanesce,Evanesce,Evanesce,Transfiguration,Vanishes objects,Bluish-white,Point wand at target,,https://static.wikia.nocookie.net/harrypotter/images/d/d6/Evanesce1.jpg,https://harrypotter.fandom.com/wiki/Evanesce
24995f77-7c96-4499-a3b6-47fed5437b29,badgering,Badgering,,Transfiguration,Turns target human into a badger,,,,https://static.wikia.nocookie.net/harrypotter/images/a/ae/Badgered_Boy.jpg,https://harrypotter.fandom.com/wiki/Badgering
68a7c4d7-0d8a-499f-8959-a56c878be6fd,wand-lighting-charm,Wand Lighting Charm,Lumos (LOO-mos),Charm,Illuminates the wand tip,White,,Levina Monkstanley (1772),https://static.wikia.nocookie.net/harrypotter/images/4/43/Wand-lighting_charm.gif,https://harrypotter.fandom.com/wiki/Wand-Lighting_Charm
35157bdb-fdfc-41c2-a6d0-719261462ec9,protego-diabolica,Protego Diabolica,Protego Diabolica (proh-TAY-goh dia-BOHL-i-cuh),Dark charm,Creates protective black fire that only burns the caster's enemies whilst leaving their allies unharmed,,,,https://static.wikia.nocookie.net/harrypotter/images/3/38/COG_Gellert_Protego_Diabolica.gif,https://harrypotter.fandom.com/wiki/Protego_Diabolica
85712fbc-b421-48cd-8dca-2a91911ac681,jelly-legs-curse,Jelly-Legs Curse,Locomotor Wibbly (LOH-koh-moh-tor WIB-lee),"Curse, Jinx",Legs become wobbly,Orange,,,https://static.wikia.nocookie.net/harrypotter/images/9/9c/Jelly-Legs_Jinx_HM.png,https://harrypotter.fandom.com/wiki/Jelly-Legs_Curse
85fa8106-98d3-453e-a16b-b85a0aca594f,brackium-emendo,Brackium Emendo,Brackium Emendo (BRAH-kee-um eh-MEN-doh),"Healing spell, Charm",Removes bones,Blue,Point wand,,https://static.wikia.nocookie.net/harrypotter/images/c/c0/Brackium_Emendo.gif,https://harrypotter.fandom.com/wiki/Brackium_Emendo
ac4f73ca-9060-4235-aa7c-3014860915dd,teacup-to-tortoise-spell,Teacup to tortoise,,Transfiguration,Transforms a teacup into a tortoise,Blue,"Diagonal down-right, up, diagonal down-right",,https://static.wikia.nocookie.net/harrypotter/images/b/b4/Teacup_to_tortoise.gif,https://harrypotter.fandom.com/wiki/Teacup_to_tortoise_spell
b7125e9e-657f-431b-af79-b173ac3755ff,fianto-duri,Fianto Duri,Fianto Duri (fee-AHN-toe DYOU-ree),Charm,Strengthens magical protections,Blueish white,Point skyward,,https://static.wikia.nocookie.net/harrypotter/images/9/95/DH2_Protego_Maxima%2C_Fianto_Duri%2C_Repello_Inimicum.gif,https://harrypotter.fandom.com/wiki/Fianto_Duri
e661b264-87ec-47cc-a62d-bee692a75b72,homorphus-charm,Homorphus Charm,,Charm,"May temporarily change a transformed werewolf back into their human form (according to Gilderoy Lockhart, it cures lycanthropy)",Yellow,,,https://static.wikia.nocookie.net/harrypotter/images/4/48/Homorphus_Charm.gif,https://harrypotter.fandom.com/wiki/Homorphus_Charm
232f8d38-e49f-405d-8721-c7c1aef0c196,protego-totalum,Protego totalum,Protego totalum (proh-TAY-goh TOH-tuh-luhm),Charm,Shields an area,None (haze),Raise wand,,https://static.wikia.nocookie.net/harrypotter/images/0/0c/Hermione_in_Mafalda%27s_clothing.jpg,https://harrypotter.fandom.com/wiki/Protego_totalum
15c0cfc7-caab-48a2-bdb5-d005700c33b7,disillusionment-charm,Disillusionment Charm,,Charm,Disguised target as surroundings,White,,,https://static.wikia.nocookie.net/harrypotter/images/b/b7/DisillusionmentCharmHM.png,https://harrypotter.fandom.com/wiki/Disillusionment_Charm
79a9bc59-e8dc-4fc6-811c-472446ace5c1,opening-charm,Opening Charm,Aberto (ah-BARE-toh),Charm,Opens doors,Blue,,,https://static.wikia.nocookie.net/harrypotter/images/b/bd/Aberto.gif,https://harrypotter.fandom.com/wiki/Opening_Charm
b6d6eda2-cdac-4d8e-bca2-bf249631d4c7,bluebell-flames,Bluebell Flames,Unknown (At least two words),Charm,Conjures bluebell flames,Bright blue,Wave wand,,https://static.wikia.nocookie.net/harrypotter/images/7/73/BluebellFlames.jpg,https://harrypotter.fandom.com/wiki/Bluebell_Flames
1bb1e632-319c-4f5d-9d77-7340b3d29177,herbivicus-charm,Herbivicus Charm,Herbivicus (her-BIV-i-cuss),Charm,Rapidly grew plants,Green or none,,,https://static.wikia.nocookie.net/harrypotter/images/d/d5/HerbivicusCharmHM.png,https://harrypotter.fandom.com/wiki/Herbivicus_Charm
09e94478-dfe7-466e-8774-4f637cb9061a,snake-vanishing-spell,Snake-Vanishing Spell,Vipera Evanesca (vee-PARE-uh eh-vuh-NES-kuh),Vanishment,Vanishes snakes,Black smoke,,,https://static.wikia.nocookie.net/harrypotter/images/9/9a/Vipera_Evanesca.gif,https://harrypotter.fandom.com/wiki/Snake-Vanishing_Spell
a76d312d-e6df-4953-b53f-863f13364698,boggart-banishing-spell,Boggart-Banishing Spell,Riddikulus (ri-di-KULL-lis),Charm,Turned a Boggart into something amusing,None,,,https://static.wikia.nocookie.net/harrypotter/images/d/d7/Snape_boggart.gif,https://harrypotter.fandom.com/wiki/Boggart-Banishing_Spell
29a1eb8a-7c93-4c19-b109-56ecdfa7de09,legilimency-spell,Legilimency Spell,Legilimens (leh-JILL-ih-mens),Charm,Let caster see into the mind of another person,Psychedelic transparent wave,,,https://static.wikia.nocookie.net/harrypotter/images/b/bc/Legilimency.gif,https://harrypotter.fandom.com/wiki/Legilimency_Spell
267acf46-95b5-4f60-8eae-7b7f3628cabd,unsupported-flight,Unsupported flight,,Magical transportation,Allowed a witch or wizard to fly unaided,,,Lord Voldemort,https://static.wikia.nocookie.net/harrypotter/images/b/bd/Voldemort_flying_without_support.gif,https://harrypotter.fandom.com/wiki/Unsupported_flight
d976780e-8ecf-4a0a-bbf8-447af7b87451,arania-exumai,Arania Exumai,Arania Exumai (ah-RAHN-ee-a EX-oo-may),Charm,Repels spiders,Blue,,,https://static.wikia.nocookie.net/harrypotter/images/3/3e/Arania_Exumai_HM_Spell_Icon.png,https://harrypotter.fandom.com/wiki/Arania_Exumai
c1d8e0c9-c1fa-4d8a-8736-359e5a2cced4,banishing-charm,Banishing Charm,Depulso (de-PUHL-so),Charm,Sent target away,"White, red or yellow",,,https://static.wikia.nocookie.net/harrypotter/images/d/db/Depulso.jpg,https://harrypotter.fandom.com/wiki/Banishing_Charm
06137f55-85fe-43bf-b6ac-f55f0c0cdac4,hour-reversal-charm,Hour-Reversal Charm,,Charm,Reverses time,Blue,,,https://static.wikia.nocookie.net/harrypotter/images/2/2b/HourReversalCharm.png,https://harrypotter.fandom.com/wiki/Hour-Reversal_Charm
f17245cc-a3fe-4580-84b1-f326f40044c9,glacius-duo,Glacius Duo,Glacius Duo (GLAY-see-us DOO-oh),Charm,Freezes the target,Blue,Forwards slash,,https://static.wikia.nocookie.net/harrypotter/images/2/25/Glacius_Duo.png,https://harrypotter.fandom.com/wiki/Glacius_Duo
af6a8e06-f43f-4c5e-8db5-1473d1e450c6,anteoculatia,Anteoculatia,Anteoculatia (an-tee-oh-kyoo-LAY-chee-ah),Dark charm,Grew antlers on head,Red or purple,,,https://static.wikia.nocookie.net/harrypotter/images/f/f7/Anteoculatia_HM.png,https://harrypotter.fandom.com/wiki/Anteoculatia
f05fc9f3-8751-41c3-a010-51a44c6a1c6f,arrow-shooting-spell,Arrow Shooting Spell,,Conjuration,Conjures a shooting arrow from the caster's wand,None,,,https://static.wikia.nocookie.net/harrypotter/images/8/82/ArrowShootingSpellHM.png,https://harrypotter.fandom.com/wiki/Arrow_Shooting_Spell
61e25490-580d-4a79-8453-304ed1d580f4,inn-charm,Inn Charm,Tribuomnus,Charm,Improves the quality of food,,,,https://static.wikia.nocookie.net/harrypotter/images/4/41/Inn_Charm_WU_icon.PNG,https://harrypotter.fandom.com/wiki/Inn_Charm
037bf217-f476-4740-b199-ac1d95d5eb7f,incarcerous-spell,Incarcerous Spell,Incarcerous (in-KAR-ser-us),Conjuration,Bound target in ropes,None,,,https://static.wikia.nocookie.net/harrypotter/images/0/05/Incarcerous.gif,https://harrypotter.fandom.com/wiki/Incarcerous_Spell
b9e2016c-cef5-47ee-870c-65656dc57bf0,eradication-spell,Eradication Spell,Deletrius (de-LEE-tree-us),"Charm, Counter-charm",Disintegrates objects and images,None,,,https://static.wikia.nocookie.net/harrypotter/images/4/4e/Deletrius_HM_Spell_Icon.png,https://harrypotter.fandom.com/wiki/Eradication_Spell
b14731f9-2b1f-4f4d-a761-923d2e91681b,desk-into-pig,Desk Into Pig,,Transfiguration,Transfigures desks into pigs,,,,https://static.wikia.nocookie.net/harrypotter/images/5/5b/DeskIntoPig.jpg,https://harrypotter.fandom.com/wiki/Desk_Into_Pig
3b79a067-14ae-4ad5-ab02-0331bf4858ad,cheering-charm,Cheering Charm,,Charm,Creates joy,None,,Felix Summerbee (1447-1508),https://static.wikia.nocookie.net/harrypotter/images/5/56/Cheering_Charm_HM_Spell_Icon.png,https://harrypotter.fandom.com/wiki/Cheering_Charm
1de1a306-434f-47b7-8dd8-da25bb9b04c6,incendio-tria,Incendio Tria,Incendio Tria (in-SEN-dee-oh TREE-ah),Charm,Conjures blue flames,Blue,Downward slash,,https://static.wikia.nocookie.net/harrypotter/images/8/89/IncendioTria.png,https://harrypotter.fandom.com/wiki/Incendio_Tria
4525222f-7223-48e4-9047-0afe06322ff2,flagrante-curse,Flagrante Curse,Flagrante (flah-GRAHN-tay),Curse,Causes objects to burn on contact,,,,https://static.wikia.nocookie.net/harrypotter/images/a/a4/Flagrante_Curse_HM_Spell_Icon.png,https://harrypotter.fandom.com/wiki/Flagrante_Curse
902427cb-124a-4dbc-aaf7-acedd7369172,hurling-hex,Hurling Hex,,Hex,Causes a broomstick to attempt to hurl its rider off,None,Point wand,,https://static.wikia.nocookie.net/harrypotter/images/3/31/Hurling_Hex.gif,https://harrypotter.fandom.com/wiki/Hurling_Hex
f78343b7-0ffb-4b94-b8e0-3d5bc783e9ec,specialis-revelio,Specialis Revelio,Specialis Revelio (spe-see-AL-is reh-VEL-ee-oh),Charm,Reveals spells cast on objects or potions,None,Rap smartly,,,https://harrypotter.fandom.com/wiki/Specialis_Revelio
7fd5dc80-2c58-4df8-b983-d02855c6a993,circumrota,Circumrota,Circumrota (SIR-cum-roh-tuh),Charm,Rotates an object,,,,https://static.wikia.nocookie.net/harrypotter/images/a/aa/Circumrota.gif,https://harrypotter.fandom.com/wiki/Circumrota
4e7dc040-04fb-44d5-98f9-1c87cb02f126,vera-verto,Vera Verto,Vera Verto (vair-uh VAIR-toh),Transfiguration,Transformed animals into water goblets,Crystal clear,,,https://static.wikia.nocookie.net/harrypotter/images/e/e4/COS_Vera_Verto_demo.gif,https://harrypotter.fandom.com/wiki/Vera_Verto
377dac89-2542-4fa0-9fa7-921d37063243,slippery-jinx,Slippery Jinx,,Jinx,Makes object slippery,,,,,https://harrypotter.fandom.com/wiki/Slippery_Jinx
09135bcb-2cca-47ba-a7c3-27c18e7a890f,reparifors,Reparifors,Reparifors (re-PAR-i-fors),"Healing spell, Charm",Healed minor magically induced ailments,Purple,,,https://static.wikia.nocookie.net/harrypotter/images/2/2d/Reparifors.gif,https://harrypotter.fandom.com/wiki/Reparifors
cb2363c4-7c08-4426-a8cd-425b83cf1d27,red-sparks,Red Sparks,Vermillious (vur-MILL-ee-us),Charm,Jet of red sparks,Red,,,https://static.wikia.nocookie.net/harrypotter/images/4/4a/VermilliousHM.png,https://harrypotter.fandom.com/wiki/Red_Sparks
63378e7c-a4e7-443d-a593-39e2a20090f3,lumos-duo,Lumos Duo,Lumos Duo (LOO-mos DOO-oh),Charm,Focused beam of light from end of wand,White,Slide wand across ground and point,Possibly Levina Monkstanley (between 1772 and 1993),https://static.wikia.nocookie.net/harrypotter/images/c/c3/Lumos_duo.jpg,https://harrypotter.fandom.com/wiki/Lumos_Duo
da1a83b2-1a1b-4ce6-8c2f-90ce12eebe51,supersensory-charm,Supersensory Charm,,Charm,Superior perception,,,,,https://harrypotter.fandom.com/wiki/Supersensory_Charm
212975af-9348-450c-a812-63efe41d4d86,cauldron-to-badger-spell,Cauldron to badger,,Transformation,Transforms a cauldron into a badger,,,,,https://harrypotter.fandom.com/wiki/Cauldron_to_badger_spell
d9620951-5d33-48cf-99bf-db4e1955302b,morsmordre,Morsmordre,Morsmordre (morz-MOR-druh),Dark charm,Conjures Dark Mark,Green,,Tom Riddle (most likely),https://static.wikia.nocookie.net/harrypotter/images/c/c9/Morsmordre.gif,https://harrypotter.fandom.com/wiki/Morsmordre
1921f166-bed5-4147-ad2b-9c237428b642,sponge-knees-curse,Sponge-Knees Curse,,Curse,Causes the target's legs to become spongy,,,,,https://harrypotter.fandom.com/wiki/Sponge-Knees_Curse
2a10f290-8d94-49c8-b605-f6df32ce0a61,harmonia-nectere-passus,Harmonia Nectere Passus,Harmonia Nectere Passus (har-MOH-nee-ah neck-TA-ray PASS-us),Charm,Repairs Vanishing Cabinets,None,Point wand at target,,https://static.wikia.nocookie.net/harrypotter/images/3/3c/Harmonia_Nectere_Passus.JPG,https://harrypotter.fandom.com/wiki/Harmonia_Nectere_Passus
ae8642df-0092-438b-9a2c-8080dca2f8b7,rowboat-spell,Rowboat spell,,Charm,Causes a rowboat to propel itself,None,Tap twice on boat with wand,,https://static.wikia.nocookie.net/harrypotter/images/b/b1/Hagrid_and_Harry_on_the_rowboat.png,https://harrypotter.fandom.com/wiki/Rowboat_spell
3c36cddc-5442-4a76-ae55-c271bce0e9ba,papyrus-reparo,Papyrus Reparo,Papyrus Reparo (puh-PIE-rus reh-PAH-roh),Charm,Mends torn paper,None,,,https://static.wikia.nocookie.net/harrypotter/images/e/e5/Papyrus_Reparo.gif,https://harrypotter.fandom.com/wiki/Papyrus_Reparo
aa728086-3ee6-40bc-be51-00b82ae1fdb2,periculum,Periculum,Periculum (puh-RIK-yoo-lum),Charm,Burst of red sparks,Red,Point wand at sky,,https://static.wikia.nocookie.net/harrypotter/images/4/44/GOF_Harry_Periculum_third_task.gif,https://harrypotter.fandom.com/wiki/Periculum
d2e76a59-e204-442b-a8d7-0f9dfa75d58b,leg-locker-curse,Leg-Locker Curse,Locomotor Mortis (LOH-koh-moh-tor MOR-tis),Curse,Sticks legs together,Red or purple,,,https://static.wikia.nocookie.net/harrypotter/images/0/05/LocomotorMortisHM.png,https://harrypotter.fandom.com/wiki/Leg-Locker_Curse
e6c23a29-a5ea-49c7-acf9-b326894d4fb2,fumos-duo,Fumos Duo,Fumos Duo (FYOO-mos DYOO-oh),Charm,Multiple concealing smokescreens,Dark red,Upwards swish then downward flick,,,https://harrypotter.fandom.com/wiki/Fumos_Duo
26ee8582-8dfb-4f16-80a3-58f0e23626b3,diminuendo,Diminuendo,Diminuendo (dim-IN-you-end-oh),Charm,Shrunk objects and humans,White or yellow,,,https://static.wikia.nocookie.net/harrypotter/images/8/8c/Diminuendo_1.gif,https://harrypotter.fandom.com/wiki/Diminuendo
24b636d3-ad2b-4d07-99cc-1c7f890b34b2,snake-summons-spell,Snake Summons Spell,Serpensortia (ser-pen-SOR-she-uh),Conjuration,Conjures a live snake,White,,,https://static.wikia.nocookie.net/harrypotter/images/d/d1/Serpensortia.gif,https://harrypotter.fandom.com/wiki/Snake_Summons_Spell
a7d8dc32-e30f-40b5-a48c-be3cc5304cc7,repello-inimicum,Repello Inimicum,Repello Inimicum (re-PEH-lloh ee-nee-MEE-cum),Charm,"Repels enemies; if used with Protego Maxima and Fianto Duri, it disintegrates anything that comes in contact with the barrier",Blueish white,Point wand skyward,,https://static.wikia.nocookie.net/harrypotter/images/9/95/DH2_Protego_Maxima%2C_Fianto_Duri%2C_Repello_Inimicum.gif,https://harrypotter.fandom.com/wiki/Repello_Inimicum
c2dbc7be-5190-4778-bc97-f023955df061,flipendo-maxima,Flipendo Maxima,Flipendo Maxima,Jinx,Knocks the target back with greater force than the Knockback Jinx,White,,Badeea Ali and Ben Copper,https://static.wikia.nocookie.net/harrypotter/images/4/48/Flipendo_Maxima_HM_Spell_Icon.png,https://harrypotter.fandom.com/wiki/Flipendo_Maxima
7fba3664-3cad-4a66-8ba4-cdbc0499fc6b,salvio-hexia,Salvio hexia,Salvio hexia (SAL-vee-oh HEK-see-uh),Charm,Hex deflection,None (haze),"Downwards, palm of opposite hand held outward",,https://static.wikia.nocookie.net/harrypotter/images/2/25/SalvioHexia.gif,https://harrypotter.fandom.com/wiki/Salvio_hexia
0d4c33a9-1bbc-44c5-ac13-778164809ee1,green-sparks,Green Sparks,,Charm,Jet of green sparks,Green,,,,https://harrypotter.fandom.com/wiki/Green_Sparks
bf6fc147-c4b2-4da9-ae55-0465e283ad1e,finestra-spell,Finestra spell,Finestra (fi-NESS-tra),Charm,Shatters glass,Blue,Flick wand,,https://static.wikia.nocookie.net/harrypotter/images/d/d1/Finestra.gif,https://harrypotter.fandom.com/wiki/Finestra_spell
3b6fc82a-aa90-4e8a-88e9-a786e636dc5b,mobiliarbus,Mobiliarbus,Mobiliarbus (mo-bil-lee-AR-bus),Charm,Levitated wooden objects,Blue,,,https://static.wikia.nocookie.net/harrypotter/images/6/68/Mobiliarbus.png,https://harrypotter.fandom.com/wiki/Mobiliarbus
c7b78ecc-7768-43f2-8d77-d66d2eea2f78,flintifors,Flintifors,Flintifors (FLINT-i-fors),Transfiguration,Turns target into matchboxes,,Hold wand to the left,,https://static.wikia.nocookie.net/harrypotter/images/5/56/Harry-Potter-Sorcerer-PC-Flintifors-Splash3.png,https://harrypotter.fandom.com/wiki/Flintifors
9c6c5343-8532-4a12-a205-1255607ba230,sonorous-charm,Sonorous Charm,,Charm,Emitted a magnified roar from the tip of the wand,Orange,,,https://static.wikia.nocookie.net/harrypotter/images/c/c9/Sonorous_Charm_%28in-universe_image%29_POAG_GBA.png,https://harrypotter.fandom.com/wiki/Sonorous_Charm
1f45dd7e-0ecc-4e8b-949c-8f955fc36506,shield-penetration-spell,Shield penetration spell,,Spell,Used to break down magical shields,Bluish-white,Point wand to the place where the spell is desired to hit,,https://static.wikia.nocookie.net/harrypotter/images/3/36/Shield_Penetration.gif,https://harrypotter.fandom.com/wiki/Shield_penetration_spell
dcb7fc1e-63a4-4e53-8a3a-3d59819b3d64,ventus-duo,Ventus Duo,Ventus Duo,Charm,Creates a stronger jet of wind compared to Ventus,,,,,https://harrypotter.fandom.com/wiki/Ventus_Duo
82a1b6f5-5e28-4be5-963e-956b5121733f,lumos-solem-spell,Lumos Solem Spell,Lumos Solem (LOO-mos SO-lem),Charm,Produced blinding flash of sunlight,White,Point wand at target,,https://static.wikia.nocookie.net/harrypotter/images/b/b1/Lumos_Solem_Spell_HM.png,https://harrypotter.fandom.com/wiki/Lumos_Solem_Spell
0e551689-40be-4f98-9dee-ab875bba8288,mutatio-skullus,Mutatio Skullus,Mutatio Skullus (myoo-TAY-toh SKUHL-us),Dark charm,Mutated the skull (presumably),,,,,https://harrypotter.fandom.com/wiki/Mutatio_Skullus
c55fe4e1-12de-4a99-bd36-c716220b24d1,informous-spell,Informous Spell,Informous,Charm,Adds to the Folio Bruti,Blue,Point wand,,https://static.wikia.nocookie.net/harrypotter/images/2/23/Informous.gif,https://harrypotter.fandom.com/wiki/Informous_Spell
f68e6a4f-7814-4e11-b9cf-100dc335825e,bird-conjuring-charm,Bird-Conjuring Charm,Avis (AH-viss),"Charm, Conjuration",Conjures birds,Blue,,,https://static.wikia.nocookie.net/harrypotter/images/5/5c/Avis.jpg,https://harrypotter.fandom.com/wiki/Bird-Conjuring_Charm
46141d31-5b2c-41ea-80d7-4f604e93590e,sauce-making-spell,Sauce-creating spell,,Conjuration,Conjures sauce,None,Wave wand around,,,https://harrypotter.fandom.com/wiki/Sauce-making_spell
d18667a7-e037-4eb9-94ef-b711aa64d493,placement-charm,Placement Charm,,Charm,Places object on target,,,,,https://harrypotter.fandom.com/wiki/Placement_Charm
aaa302a0-83d8-44f5-9aad-6d96b8fe8ed5,softening-charm,Softening Charm,Spongify (SPUN-ji-fye),Charm,Softens objects,Purple or Orange,,,https://static.wikia.nocookie.net/harrypotter/images/7/71/SpongifyHM.png,https://harrypotter.fandom.com/wiki/Softening_Charm
dc5c89ed-e571-4b72-8747-66c90a94b145,verdimillious-duo-spell,Verdimillious Duo Spell,Verdimillious (VUR-duh-MILL-ee-us),Charm,"Do damage to an opponent, Reveal hidden objects",Green,Forwards slash,,https://static.wikia.nocookie.net/harrypotter/images/e/e8/Verdimillious_Duo.jpg,https://harrypotter.fandom.com/wiki/Verdimillious_Duo_Spell
5ece3e09-fcc2-4419-adf4-d4105ccae1f8,ebublio-jinx,Ebublio Jinx,Ebublio (ee-BUB-leo),Jinx,Traps target in giant bubble,Blue,,,https://static.wikia.nocookie.net/harrypotter/images/4/4f/EbublioJinxHM.png,https://harrypotter.fandom.com/wiki/Ebublio_Jinx
40a4f99f-7436-42a4-b6be-abd6bb655991,gytrash-conjuring-spell,Gytrash-conjuring spell,Unknown,"Conjuration, Dark Arts",Conjures Gytrashes,Green,Overhead wave,,https://static.wikia.nocookie.net/harrypotter/images/a/ab/GytrashConjuring.png,https://harrypotter.fandom.com/wiki/Gytrash-conjuring_spell
10d4e331-6532-4761-8f0e-0a613053a9aa,ears-to-kumquats-spell,Ears to kumquats,,Transfiguration,Transforms target's ears into kumquats,,,,https://static.wikia.nocookie.net/harrypotter/images/0/0f/Ears_To_Kumquats_spell.png,https://harrypotter.fandom.com/wiki/Ears_to_kumquats_spell
6cef4791-cbc3-40e1-bdfc-c2c9b7dffe14,projectile-jinx,Projectile Jinx,Waddiwasi (wah-deh-WAH-see),Jinx,Propels wad at the target,None,,,https://static.wikia.nocookie.net/harrypotter/images/5/53/WaddiwasiHM.png,https://harrypotter.fandom.com/wiki/Projectile_Jinx
4dd71b39-7f61-406d-b020-59937e43dc16,magicus-extremos,Magicus Extremos,Magicus Extremos (MAJ-i-cuss ex-TREM-oss),Charm,Temporarily increases casters' spell power,Green or Pink,,,https://static.wikia.nocookie.net/harrypotter/images/b/bd/Magicus_Extremos_GOFG.png,https://harrypotter.fandom.com/wiki/Magicus_Extremos
500ddbcc-806d-4956-9be4-e5235ac82ea7,homing-spell,Homing spell,,Dark Arts,Offensive spells; will follow their target,Orange or green,,,https://static.wikia.nocookie.net/harrypotter/images/9/9b/Homing_Spell_PSG_PC.png,https://harrypotter.fandom.com/wiki/Homing_spell
54312f57-c2b4-411c-b7d8-64b637831e6a,dangling-jinx,Dangling Jinx,Levicorpus (leh-vee-COR-pus),Jinx,Suspends people by the ankles in the air,Green,,Severus Snape,https://static.wikia.nocookie.net/harrypotter/images/4/43/Levicorpus1.gif,https://harrypotter.fandom.com/wiki/Dangling_Jinx
e8b2ac32-0c22-4fb8-8010-f614f97b3ad9,smashing-spell,Smashing Spell,,Dark charm,"Explosive, destroyed everything in its range",Blue,Point wand,,https://static.wikia.nocookie.net/harrypotter/images/7/7e/Bellaspell.jpg,https://harrypotter.fandom.com/wiki/Smashing_spell
4d2e1eef-c5d2-4a20-9317-f252cc86a05e,fidelius-charm,Fidelius Charm,,Charm,Conceals a secret,,,,,https://harrypotter.fandom.com/wiki/Fidelius_Charm
74c6878a-01d0-4218-9fdf-5c372a765ba4,descendo,Descendo,Descendo (deh-SEHN-doh),Charm,Lowers target,Blue,,,https://static.wikia.nocookie.net/harrypotter/images/d/d3/DescendoHM.png,https://harrypotter.fandom.com/wiki/Descendo
ebe070f0-f291-4411-8e86-42c5ea63477f,fogging-spell,Fogging Spell,Nebulus (NEB-yoo-lus),Charm,Conjured fog,Grey,Point wand over area,,https://static.wikia.nocookie.net/harrypotter/images/e/e8/Nebulus.gif,https://harrypotter.fandom.com/wiki/Fogging_Spell
7e7b4836-9f87-45bd-918b-094471324ff4,slowing-charm,Slowing Charm,Arresto Momentum (ah-REST-ohmo-MEN-tum),Charm,Slows or stops target's velocity,None or blue,,Daisy Pennifold (1711),https://static.wikia.nocookie.net/harrypotter/images/8/81/Wandless_magic.gif,https://harrypotter.fandom.com/wiki/Slowing_Charm
69f8b713-301e-4ecf-88cc-8d5f443cb732,cruciatus-curse,Cruciatus Curse,Crucio (KROO-see-oh),Curse,"Excruciating pain, insanity if victim was subjected for too long",None,,,https://static.wikia.nocookie.net/harrypotter/images/9/9c/Voldemort_crucio_harry.gif,https://harrypotter.fandom.com/wiki/Cruciatus_Curse
9ed69a61-330c-4544-b076-ddcded25bb94,bombarda-maxima,Bombarda Maxima,Bombarda Maxima (bom-BAR-da MAKS-ee-ma),Charm,Powerful explosion,White or yellow,Point wand,,https://static.wikia.nocookie.net/harrypotter/images/d/d7/Bombarda_Maxima_HM.png,https://harrypotter.fandom.com/wiki/Bombarda_Maxima
4a23c0e2-5486-413a-a534-52a7fa35b506,shield-charm,Shield Charm,Protego (pro-TAY-goh),Charm,Reflected spells and blocked physical forces,"Invisible on its own, reflected light of spell",,,https://static.wikia.nocookie.net/harrypotter/images/7/78/DH2_Kingsley_Shacklebolt_Protego.gif,https://harrypotter.fandom.com/wiki/Shield_Charm
0d3a5c9f-a0d0-406c-93ef-039727839e35,tentaclifors,Tentaclifors,Tentaclifors,"Transfiguration, Dark charm",Turns victim's head into tentacle,Purple,,,https://static.wikia.nocookie.net/harrypotter/images/8/84/Tentaclifors.png,https://harrypotter.fandom.com/wiki/Tentaclifors
bac31420-de53-4f28-aca2-27a910c54a51,hot-air-charm,Hot Air Charm,,Charm,Jet of hot air,None,,,https://static.wikia.nocookie.net/harrypotter/images/7/7e/Hot_Air_Charm_COG.gif,https://harrypotter.fandom.com/wiki/Hot_Air_Charm
407a7463-2aa0-43a3-8258-237ff45553bf,ministry-of-magic-fog,Ministry of Magic Fog,,Patented charm,Produces special fog (for concealment of certain locations),,,,,https://harrypotter.fandom.com/wiki/Ministry_of_Magic_Fog
817a5434-05cf-4e7a-8405-6216edd6971f,draconifors-spell,Draconifors Spell,Draconifors (drah-KON-i-fors),Transfiguration,Turns object into dragon,Fiery orange,Slash wand at target,,https://static.wikia.nocookie.net/harrypotter/images/3/35/DraconiforsPAS.png,https://harrypotter.fandom.com/wiki/Draconifors_Spell
511ca026-2940-4249-87b9-730ba85fa0ad,meteolojinx-recanto,Meteolojinx Recanto,Meteolojinx Recanto (mee-tee-OH-loh-jinks reh-KAN-toh),Counter-charm,Causes weather effects caused by incantations to cease,None,,,https://static.wikia.nocookie.net/harrypotter/images/b/b8/HM_y2_Meteolojinx_Recanto.png,https://harrypotter.fandom.com/wiki/Meteolojinx_Recanto
eb9dc94a-dc59-468b-8336-946cf2e6a1e4,extinguishing-spell,Extinguishing Spell,,Charm,Extinguished fires,None,,,https://static.wikia.nocookie.net/harrypotter/images/3/3e/Extinguishing_Charm_HM_Icon.png,https://harrypotter.fandom.com/wiki/Extinguishing_Spell
a94b8628-7df3-43d1-97cd-afe6eaca89b3,flame-freezing-charm,Flame-Freezing Charm,,Charm,Makes fire harmless,White,Wave wand above head,,https://static.wikia.nocookie.net/harrypotter/images/b/bd/FlameFreeze.png,https://harrypotter.fandom.com/wiki/Flame-Freezing_Charm
4a9146b5-b110-4937-82b5-b32e412bb504,wand-extinguishing-charm,Wand-Extinguishing Charm,Nox (NOKSS),Charm,Extinguishes wandlight,,,Levina Monkstanley (1772),https://static.wikia.nocookie.net/harrypotter/images/e/ed/SnapeNox.gif,https://harrypotter.fandom.com/wiki/Wand-Extinguishing_Charm
11a2fc53-ae5b-4de4-8c00-c39df3719120,reductor-curse,Reductor Curse,Reducto (re-DUCK-toh),Curse,Destroys solid objects,Blue,,,https://static.wikia.nocookie.net/harrypotter/images/4/45/OOTP_DA_Ginny_Reducto.gif,https://harrypotter.fandom.com/wiki/Reductor_Curse
e610a236-0e5e-4194-a544-05d54e47468f,inflatus,Inflating Charm,Inflatus (in-FLAY-tus),Charm/Jinx,Inflates target,Purple,Point wand,,https://static.wikia.nocookie.net/harrypotter/images/9/95/Marjorie_Dursley_having_been_inflated_POAF.JPG,https://harrypotter.fandom.com/wiki/Inflatus
937d3067-fb54-4509-848e-0b41b81b10fe,pack-charm,Pack Charm,Pack,Charm,Packs luggage into trunk,None,,,https://static.wikia.nocookie.net/harrypotter/images/5/5f/PackCharmHM.png,https://harrypotter.fandom.com/wiki/Pack_Charm
7ad18b90-72b0-47db-bbdb-8a8270049f38,sea-urchin-jinx,Sea Urchin Jinx,,"Transfiguration, Jinx",Makes tiny spikes erupt all over the victim,None,,,https://static.wikia.nocookie.net/harrypotter/images/a/a9/Sea_Urchin_Jinx_HM.png,https://harrypotter.fandom.com/wiki/Sea_urchin_jinx
f0673c8b-6f91-478d-906e-b454e8f37bf1,intruder-charm,Intruder Charm,,Charm,Detects intruders and sounds an alarm,,,,,https://harrypotter.fandom.com/wiki/Intruder_Charm
72a8254b-d63c-4be7-b9c5-5e350b9a4a9c,age-line,Age Line,,Charm,Prevents people above or below a certain age from access to a target,Blue,,,https://static.wikia.nocookie.net/harrypotter/images/e/e5/Age_Line_surrounding_the_Goblet_of_Fire_PM.jpg,https://harrypotter.fandom.com/wiki/Age_Line
05e92412-090b-4615-b33a-2981658fd72a,killing-curse,Killing Curse,Avada Kedavra (a-VAH-dah ke-DAH-vra),Curse,Instantaneous death,Green,,,https://static.wikia.nocookie.net/harrypotter/images/7/78/Avada-Kedavra.gif,https://harrypotter.fandom.com/wiki/Killing_Curse
c6bc54ed-4aea-4bc0-985d-03e70b9b52a5,mobilicorpus,Mobilicorpus,Mobilicorpus (moh-bil-lee-COR-pus),Charm,Moved bodies,None,,,https://static.wikia.nocookie.net/harrypotter/images/1/1f/Mobilicorpus_HM.webp,https://harrypotter.fandom.com/wiki/Mobilicorpus
a27857a4-0c65-4cf7-9ee0-776d924986cc,tickling-charm,Tickling Charm,Rictusempra (ric-tuh-SEM-pra),Charm,Tickles and weakens,Silver,,,https://static.wikia.nocookie.net/harrypotter/images/b/ba/Rictusempra.gif,https://harrypotter.fandom.com/wiki/Tickling_Charm
27ea544f-11a9-4683-80c1-db57061f415c,illegibilus,Illegibilus,Illegibilus (i-LEDJ-i-bull-is),Charm,Makes text illegible,,,,https://static.wikia.nocookie.net/harrypotter/images/e/e8/Illegibilus.jpg,https://harrypotter.fandom.com/wiki/Illegibilus
f6844969-a9d1-4baa-b0fd-087c4c3edc7d,rose-growth,Rose Growth,,Charm,Accelerates the growth of a rosebush,,,,https://static.wikia.nocookie.net/harrypotter/images/1/14/Rose_Growth.jpg,https://harrypotter.fandom.com/wiki/Rose_Growth
9b8b45a1-5613-42af-b994-2d2ccaf732b7,piertotum-locomotor,Piertotum Locomotor,Piertotum Locomotor (peer-TOH-tuhm loh-kuh-MOH-tor),Charm,Animates target,"None, or green","Point wand at target (when animating individual target), Hold wand aloft or wave (when animating multiple things)",,https://static.wikia.nocookie.net/harrypotter/images/e/e5/Piertotum_Locomotor.gif,https://harrypotter.fandom.com/wiki/Piertotum_Locomotor
c1fd4c61-627f-453a-8494-760f24623216,ascendio,Ascendio,Ascendio (ah-SEN-dee-oh),Charm,Lifted caster in air,None or blue,,,https://static.wikia.nocookie.net/harrypotter/images/1/1b/NewtAscendio.gif,https://harrypotter.fandom.com/wiki/Ascendio
e685e397-911d-4431-aaf0-e4d08dc59191,orbis,Orbis ,Orbis (OR-biss),Jinx,Sucks the target into the ground,Blue,Point wand at target,,https://static.wikia.nocookie.net/harrypotter/images/f/f2/Orbis.jpg,https://harrypotter.fandom.com/wiki/Orbis
bf567788-8cf2-4bea-b161-f544ee232ccf,fur-spell,Fur spell,,Charm,Causes fur to grow on someone,,,,,https://harrypotter.fandom.com/wiki/Fur_spell
caaf128a-e5fa-439c-bce2-bdb4ef70fff3,sternius,Sternius,Sternius (STÃ‰R-nee-us),Dark charm,Causes target to sneeze,Green,,,https://static.wikia.nocookie.net/harrypotter/images/a/aa/Steleus.gif,https://harrypotter.fandom.com/wiki/Sternius
41f9c83f-1306-4b90-84c6-ead6c033f85c,muffliato-charm,Muffliato Charm,Muffliato (muff-LEE-ah-toe),Charm,Conceals sound,None,,Severus Snape,https://static.wikia.nocookie.net/harrypotter/images/1/15/Muffliato.png,https://harrypotter.fandom.com/wiki/Muffliato_Charm
a35fc718-1cb6-4838-8b65-43ce30b3fa3b,finger-removing-jinx,Finger-removing jinx,,Jinx,Removes a person's fingers,,,,,https://harrypotter.fandom.com/wiki/Finger-removing_jinx
326ba8cd-db17-4904-bc06-9cb030eaeba5,teleportation-spell,Teleportation spell,,Magical transportation,Makes objects teleport elsewhere,,Wave wand,,,https://harrypotter.fandom.com/wiki/Teleportation_spell
e3c8ad99-8df5-4beb-90e7-745539784597,herbifors,Herbifors,Herbifors (HERB-i-fors),Transfiguration,Transforms target into flowers,Red or purple,Point wand at target,,https://static.wikia.nocookie.net/harrypotter/images/e/ea/Herbifors.jpg,https://harrypotter.fandom.com/wiki/Herbifors
5562986c-23fc-4537-bd50-3623d3bc3ceb,severing-charm,Severing Charm,Diffindo (deef-IN-doe),Charm,Severed objects,"Light green, pink or red",,Delfina Crimp (1400s),https://static.wikia.nocookie.net/harrypotter/images/7/78/DiffindoHM.png,https://harrypotter.fandom.com/wiki/Severing_Charm
6de1333c-0e15-4045-b5c9-4b3a87fc694a,quietening-charm,Quietening Charm,Quietus (KWIY-uh-tus),Charm,Quietens target,None,Direct at target,,,https://harrypotter.fandom.com/wiki/Quietening_Charm
594d2fe8-f12e-4630-b0ea-b21b923eda42,knee-reversal-hex,Knee-reversal hex,,Hex,Puts knees on backward,,,,https://static.wikia.nocookie.net/harrypotter/images/c/c0/KneeReversal.png,https://harrypotter.fandom.com/wiki/Knee-reversal_hex
f4335876-644e-41ff-9e36-a00b6102991b,bravery-charm,Bravery Charm,,Charm,Enhances teammates against foes,,,,https://static.wikia.nocookie.net/harrypotter/images/8/83/Bravery_Charm_WU.png,https://harrypotter.fandom.com/wiki/Bravery_Charm
f0a6dd73-82f9-4c06-8399-a2869c94bd98,verdillious,Verdillious,Verdillious (vur-DILL-ee-us),Charm,Causes the wand tip to burn like a sparkler whilst damaging an opponent,Green,,,https://static.wikia.nocookie.net/harrypotter/images/5/52/Verdimillious.jpg,https://harrypotter.fandom.com/wiki/Verdillious
db76ef89-539c-4443-9bd2-587ba0e731c8,four-point-spell,Four-Point Spell,Point Me,Charm,Wand points due north,None,Hold wand flat in hand,,https://static.wikia.nocookie.net/harrypotter/images/a/a8/FourPointSpell.jpg,https://harrypotter.fandom.com/wiki/Four-Point_Spell
72c409ad-2c73-4426-b985-b7f2645b21b1,unbreakable-charm,Unbreakable Charm,,Charm,Makes object unbreakable,,,,,https://harrypotter.fandom.com/wiki/Unbreakable_Charm
44a02f0d-71bb-47f1-84e1-29adc6eb08cb,water-making-spell,Water-Making Spell,Aguamenti (AH-gwah-MEN-tee),"Charm, Conjuration",Conjures water,Icy blue,,,https://static.wikia.nocookie.net/harrypotter/images/e/e4/Aguamenti_PM.png,https://harrypotter.fandom.com/wiki/Water-Making_Spell
cc8d2f27-78aa-4ee1-ad38-80c69c017eca,disintegration-spell,Disintegration spell,,Dark charm,Blows up and disintegrates the target,Red,Point to the person who the spell should hit,,https://static.wikia.nocookie.net/harrypotter/images/d/de/Bellatrix_death.gif,https://harrypotter.fandom.com/wiki/Disintegration_spell
80a549c1-a5eb-462d-a282-3fab1a5f5cfb,head-shrink-spell,Head Shrink Spell,Redactum Skullus (reh-DAK-tum SKULL-us),"Dark charm, Counter-curse",Shrinks head,Red or Purple,,,https://static.wikia.nocookie.net/harrypotter/images/b/b5/Redactum_Skullus.jpg,https://harrypotter.fandom.com/wiki/Head_Shrink_Spell
da4aa4a7-0c1c-4d15-bdd3-c688e9286779,fiendfyre,Fiendfyre,,Curse,Unleashes cursed fire,Fire,Hold wand aloft,,https://static.wikia.nocookie.net/harrypotter/images/1/18/Harry_and_Draco.png,https://harrypotter.fandom.com/wiki/Fiendfyre
ea8b4fd2-04aa-496f-a680-1a55169b4226,shrinking-charm,Shrinking Charm,Reducio (ruh-DOO-see-oh),Charm,Shrinks target,Purple,,,https://static.wikia.nocookie.net/harrypotter/images/1/1f/HM_y2_Reducio.png,https://harrypotter.fandom.com/wiki/Shrinking_Charm
e465e32f-529f-4309-95d4-7d9beee26c43,protean-charm,Protean Charm,,Charm,Synchronises changes through objects,,,,https://static.wikia.nocookie.net/harrypotter/images/c/cf/EnchantedCoin.png,https://harrypotter.fandom.com/wiki/Protean_Charm
5b87706a-d41d-440c-ac1c-15365ab4ec1f,mending-charm,Mending Charm,Reparo (reh-PAH-roh),Charm,Fixes broken objects,None,,Orabella Nuttley (1754),https://static.wikia.nocookie.net/harrypotter/images/6/66/Reparo.gif,https://harrypotter.fandom.com/wiki/Mending_Charm
882a3a5b-511c-400d-a9b3-9d654f5c483b,broom-jinx,Broom jinx,,Jinx,Makes a broomstick attempt to buck its rider off,,,,https://static.wikia.nocookie.net/harrypotter/images/3/38/Broom_jinx.gif,https://harrypotter.fandom.com/wiki/Broom_jinx
0bba3a91-8850-43e4-a8c7-9c10348a415b,firestorm,Firestorm,,Charm,Ring of fire,Crimson and gold,Overhead circles,,https://static.wikia.nocookie.net/harrypotter/images/5/52/Firestorm.gif,https://harrypotter.fandom.com/wiki/Firestorm
b8f4a4b7-e906-4a08-9b91-00c808ea2a0a,fire-making-spell,Fire-Making Spell,Incendio (in-SEN-dee-o),Charm,Conjured flames,Orange and red,,,https://static.wikia.nocookie.net/harrypotter/images/6/6a/IncendioHM.png,https://harrypotter.fandom.com/wiki/Fire-Making_Spell
1d2450af-0f30-4b2c-94e1-a9876a4c7870,reparifarge,Reparifarge,Reparifarge (reh-PAR-i-farj),Untransfiguration,Reverses the effects of an incomplete Transformation spell,White,,,https://static.wikia.nocookie.net/harrypotter/images/a/a2/HM_y2_Reparifarge.png,https://harrypotter.fandom.com/wiki/Reparifarge
707ac40e-3201-474b-91cf-0b7582d905c1,obscuro,Obscuro,Obscuro (ob-SKOO-roh),"Charm, Conjuration",Blindfolds target,None,,,https://static.wikia.nocookie.net/harrypotter/images/4/40/ObscuroHM.png,https://harrypotter.fandom.com/wiki/Obscuro
7ef31afd-12ba-4a3a-8443-34f26029cb87,unbreakable-vow,Unbreakable Vow,,Binding magical contract,"Magical vow, that is fatal if broken",Red,Place wand between hands,,https://static.wikia.nocookie.net/harrypotter/images/2/2c/Unbreakable_Vow.jpg,https://harrypotter.fandom.com/wiki/Unbreakable_Vow
f093f74f-7814-47f2-bb1b-d66cb8872ddb,skurge-charm,Skurge Charm,Skurge,Charm,"Cleans ectoplasm, Frightens ghosts and other spirits",Green or blue,,,https://static.wikia.nocookie.net/harrypotter/images/8/8a/Skurge.jpg,https://harrypotter.fandom.com/wiki/Skurge_Charm
4f0af005-99f8-499c-b843-af5fb387d85d,twitchy-ears-hex,Twitchy-Ears Hex,,Hex,Makes victim's ears twitch,,,,,https://harrypotter.fandom.com/wiki/Twitchy-Ears_Hex
20252ad1-3b14-4708-aaa2-50cfe1182248,patented-daydream-charm,Patented Daydream Charm,,,,,,,https://static.wikia.nocookie.net/harrypotter/images/b/bd/DaydreamCharms.png,https://harrypotter.fandom.com/wiki/Patented_Daydream_Charm
2cc08dce-f013-4ab8-82b0-05b77d470fa5,multicorfors-spell,Multicorfors Spell,Multicorfors (MULL-tee-CORE-fors),Transfiguration,Changes clothes,Red,,,https://static.wikia.nocookie.net/harrypotter/images/b/b8/Multicorfors.png,https://harrypotter.fandom.com/wiki/Multicorfors_Spell
fea5c5e2-65d4-4cb0-b51b-b0f633c6c8ed,epoximise,Epoximise,Epoximise (ee-POX-i-mise),Transfiguration,Bonds two objects together,,,,https://static.wikia.nocookie.net/harrypotter/images/7/7a/Epoximise.jpg,https://harrypotter.fandom.com/wiki/Epoximise
f2a31fee-1c6a-4cad-8805-d08af3981778,instant-scalping-hex,Instant scalping hex,,Hex,Instantly scalps hair,,,,,https://harrypotter.fandom.com/wiki/Instant_scalping_hex
31238358-47d1-409a-821d-0774140704ac,ferret-to-human-spell,Ferret to human spell,,Transfiguration,Changes ferrets into humans,None,Point wand at target,,https://static.wikia.nocookie.net/harrypotter/images/3/3b/Ferret_to_human_GIF.gif,https://harrypotter.fandom.com/wiki/Ferret_to_human_spell
31217331-1151-4490-bc65-238e588a2eeb,stealth-sensoring-spell,Stealth Sensoring Spell,,Charm,Detects those under magical disguise.,,,,,https://harrypotter.fandom.com/wiki/Stealth_Sensoring_Spell
f720d633-b3eb-45d0-ac1c-219c0593f28a,flagrate,Flagrate,Flagrate (fla-GRAH-tay),Charm,Writes in midair,Fiery scarlet,Draw in midair,,https://static.wikia.nocookie.net/harrypotter/images/9/9e/I_am_Lord_Voldemort.gif,https://harrypotter.fandom.com/wiki/Flagrate
b7cf0032-29be-4ef3-b06a-e6871ad7cc05,horcrux-making-spell,Horcrux-making spell,,Dark Arts,Prepared a receptacle to become a Horcrux,,,Herpo the Foul (possibly),https://static.wikia.nocookie.net/harrypotter/images/c/c8/Horcrux_creation.gif,https://harrypotter.fandom.com/wiki/Horcrux-making_spell
c82becf0-66ac-4f4f-9924-6733e2db0bfe,flipendo-tria,Flipendo Tria,Flipendo Tria,Jinx,More powerful version of Flipendo,Blue,Downwards slash,,https://static.wikia.nocookie.net/harrypotter/images/9/9c/Flipendo_Tria.png,https://harrypotter.fandom.com/wiki/Flipendo_Tria
b7479ac5-e28f-453f-b54d-df4da08953c1,reverse-spell,Reverse Spell,Prior Incantato (PRI-or in-can-TAH-toh),Charm,Showed the previous spells cast by a wand,Gold,Hold tip of wand to targeted wand,,https://static.wikia.nocookie.net/harrypotter/images/6/67/Priori_Incantatem_Pottermore.png,https://harrypotter.fandom.com/wiki/Reverse_Spell
1e601db5-826f-42a7-a28e-25ee7ae34c4f,anapneo,Anapneo,Anapneo (ah-NAP-nee-oh),"Healing spell, Vanishment, Charm",Cleared target's airway by vanishing blockages,,Point wand at target,,https://static.wikia.nocookie.net/harrypotter/images/2/2e/Celestina_Warbeck%27s_throat_unblocked_HM.png,https://harrypotter.fandom.com/wiki/Anapneo
a9381505-2529-448c-aabf-8df3d9617727,dancing-feet-spell,Dancing Feet Spell,Tarantallegra (ta-RON-ta-LEG-gra),Charm,Sends legs out of control,Red or Purple,,,https://static.wikia.nocookie.net/harrypotter/images/e/e6/Tarantallegra.gif,https://harrypotter.fandom.com/wiki/Dancing_Feet_Spell
d120f52a-8420-4d51-b4f5-4baf7c913bc7,vacuum-cleaner-spell,Vacuum cleaner spell,,Charm,Cleans an object like a vacuum cleaner,None,Move wand over object,,,https://harrypotter.fandom.com/wiki/Vacuum_cleaner_spell
0f4f2515-f810-425c-8bf7-630dfb0c9c3a,knockback-jinx,Knockback Jinx,Flipendo (fli-PEN-doh),Jinx,Knocks target back,"Blue, orange, yellow red, purple or white",,,https://static.wikia.nocookie.net/harrypotter/images/f/ff/Flipendo_HM_Spell_Icon.png,https://harrypotter.fandom.com/wiki/Knockback_Jinx
40ba79e0-e37d-457e-9c15-dfd305c496e1,antonin-dolohov-s-curse,Antonin Dolohov's curse,,Curse,Injuries capable of killing,Purple fire,Slashing movement,,,https://harrypotter.fandom.com/wiki/Antonin_Dolohov's_curse
f77b8c80-2455-4546-a773-0c4a0bc7dd01,teapot-to-tortoise-spell,Teapot to tortoise,,Transfiguration,Transforms a teapot into a tortoise,Orange,,,https://static.wikia.nocookie.net/harrypotter/images/5/5c/Teapot_to_Tortoise.gif,https://harrypotter.fandom.com/wiki/Teapot_to_tortoise_spell
55a10b55-a854-4c9c-a92f-3203475d809a,jelly-fingers-curse,Jelly-Fingers Curse,,Curse,Fingers become wobbly,,,,,https://harrypotter.fandom.com/wiki/Jelly-Fingers_Curse
23d2079e-fd39-47df-b289-6ed119a074d2,bewitched-snowballs,Bewitched Snowballs,,Charm,Bewitches snowballs to follow and harass a designated target,None,,,https://static.wikia.nocookie.net/harrypotter/images/f/f5/BewitchedSnowballs.jpg,https://harrypotter.fandom.com/wiki/Bewitched_Snowballs
25648612-4e98-4e32-b094-52d11b7d4080,alarte-ascendare,Alarte Ascendare,Alarte Ascendare (a-LAR-tay a-SEN-der-ay),Charm,Rockets target upward,Red,Brandish wand,,https://static.wikia.nocookie.net/harrypotter/images/c/c4/Alarte_Ascendare.gif,https://harrypotter.fandom.com/wiki/Alarte_Ascendare
32ace109-9300-407c-a822-11fbe83988dc,bandaging-charm,Bandaging Charm,Ferula (fer-ROOL-lah),"Healing Spell, Charm, Conjuration",Bandages target,None,,,https://static.wikia.nocookie.net/harrypotter/images/c/cd/Ferula_HM_Spell_Icon.png,https://harrypotter.fandom.com/wiki/Bandaging_Charm
2da2ae6b-80a7-4acf-a590-bfe4e4a4a255,memory-charm,Memory Charm,Obliviate (oh-BLI-vee-ate),Charm,Erased memories,Green,,Mnemone Radford (1562-1649),https://static.wikia.nocookie.net/harrypotter/images/d/d8/Obliviate_backfire.gif,https://harrypotter.fandom.com/wiki/Memory_Charm
5ff02a93-1e63-4da2-bb6b-4f2105641001,imperturbable-charm,Imperturbable Charm,,Charm,Invisible barrier,None,,,https://static.wikia.nocookie.net/harrypotter/images/c/c3/Imperturbable_Charm_HM.png,https://harrypotter.fandom.com/wiki/Imperturbable_Charm
eb490f35-89f9-41a1-8e0f-e878406357e2,full-body-bind-curse,Full Body-Bind Curse,Petrificus Totalus (pe-TRI-fi-cus to-TAH-lus),Curse,Temporary paralysis,White or purple,,,https://static.wikia.nocookie.net/harrypotter/images/6/6e/HermionePetrificusTotalus.gif,https://harrypotter.fandom.com/wiki/Full_Body-Bind_Curse
626122f5-c250-4727-ae23-b6c698cfe9d5,bat-bogey-hex,Bat-Bogey Hex,,Hex,Transforms target's bogeys into bats that fly out of the victim's nose,,,Miranda Goshawk(mid-20th century),https://static.wikia.nocookie.net/harrypotter/images/c/cd/Bat-Bogey_Hex_HM.png,https://harrypotter.fandom.com/wiki/Bat-Bogey_Hex
f09f9d31-3c9f-4b5b-8b4f-6906f2b5f4e8,oppugno-jinx,Oppugno Jinx,Oppugno (oh-PUG-noh),Jinx,Assaults target with directed object(s),None,Point wand,,https://static.wikia.nocookie.net/harrypotter/images/4/46/Undesirable_Number_One_posters.gif,https://harrypotter.fandom.com/wiki/Oppugno_Jinx
84edda4b-fe22-43fa-87e3-b659aea003cf,piscifors,Piscifors,Piscifors (PIS-ee-fors),Transfiguration,Turns target into fish,Blue,Point wand,,https://static.wikia.nocookie.net/harrypotter/images/f/f9/Piscifors.png,https://harrypotter.fandom.com/wiki/Piscifors
e47acc57-d236-4da9-bd5f-41ef051fd2bb,blue-sparks,Blue Sparks,,Charm,Jet of blue sparks,Blue,,,https://static.wikia.nocookie.net/harrypotter/images/b/b2/Blue_Sparks_HM_Spell_Icon.png,https://harrypotter.fandom.com/wiki/Blue_sparks
aa7c32a4-6fb5-4922-abd5-76345f1478dc,peskipiksi-pesternomi,Peskipiksi Pesternomi,Peskipiksi Pesternomi (PES-kee PIK-see pes-ter-NO-mee),Charm,Nothing (supposedly captures pixies),None,Wave wand four times,Gilderoy Lockhart (1992),https://static.wikia.nocookie.net/harrypotter/images/d/dd/Peskipiksi_Pesternomi.jpg,https://harrypotter.fandom.com/wiki/Peskipiksi_Pesternomi
8917d0f4-254e-49ef-a7ce-23ea6b3ca321,cascading-jinx,Cascading Jinx,,Jinx,Attacks multiple enemies,Blue,,,https://static.wikia.nocookie.net/harrypotter/images/d/d3/CascadingJinx.png,https://harrypotter.fandom.com/wiki/Cascading_Jinx
6ee4dce6-1fdf-4fec-9e80-b21025d00e8d,cauldron-to-sieve,Cauldron to Sieve,,Transfiguration,Turns a cauldron into a sieve,,,,https://static.wikia.nocookie.net/harrypotter/images/6/6a/Cauldron_to_Sieve.jpg,https://harrypotter.fandom.com/wiki/Cauldron_to_Sieve
1b68fbce-63f8-4c69-ab82-fce49b223395,deterioration-hex,Deterioration Hex,,Hex,Impairs foes,,,,https://static.wikia.nocookie.net/harrypotter/images/7/70/Deterioration_Hex.png,https://harrypotter.fandom.com/wiki/Deterioration_Hex
58e7ef6e-345b-42d6-a0c6-66f13b96d4af,levitation-charm,Levitation Charm,Wingardium Leviosa (wing-GAR-dee-um leh-vee-OH-sa),Charm,Makes objects levitate,None,,Jarleth Hobart (1544),https://static.wikia.nocookie.net/harrypotter/images/c/cf/Levitation_Charm_PSF.gif,https://harrypotter.fandom.com/wiki/Levitation_Charm
44deb6d9-0f8b-46b2-88cc-e58453052f2e,stunning-spell,Stunning Spell,Stupefy (STEW-puh-fye),Charm,Rendered target unconscious,Red,,,https://static.wikia.nocookie.net/harrypotter/images/7/73/DH1_Harry_as_Albert_Runcorn_stunning_Umbridge.gif,https://harrypotter.fandom.com/wiki/Stunning_Spell
cff691c9-bd2f-4f33-b3d0-adb53776bded,anti-disapparition-jinx,Anti-Disapparition Jinx,,Jinx,Prevents Disapparition within a certain area,,,,,https://harrypotter.fandom.com/wiki/Anti-Disapparition_Jinx
13244c64-fd31-4e15-8931-f2b7435f06ae,taboo,Taboo,,Jinx,"When a word is spoken, the caster is alerted and protective enchantments around the speaker are weakened",None,,,https://static.wikia.nocookie.net/harrypotter/images/a/ac/Deatly_Hallows_-_Taboo.gif,https://harrypotter.fandom.com/wiki/Taboo
b7a23909-d3d0-4634-942d-439494f4331f,extension-charm,Extension Charm,Capacious extremis (ca-PAY-shusex-TREEM-us),Charm,Increases interior space of object,,,,https://static.wikia.nocookie.net/harrypotter/images/7/75/Extension_charm.gif,https://harrypotter.fandom.com/wiki/Extension_Charm
069e5d0c-b973-4e4d-b8d6-aeb6d99115c7,stinging-jinx,Stinging Jinx,,"Jinx, Hex",Stings flesh,White,Point wand,,https://static.wikia.nocookie.net/harrypotter/images/b/b1/Deathly_Hallows_-_Stinging_Hex.gif,https://harrypotter.fandom.com/wiki/Stinging_Jinx
76fa9366-015b-412e-8f51-0f0309077d7b,verdimillious-charm,Verdimillious Charm,Verdimillious (vur-duh-MILL-ee-us),Charm,"Do damage to opponents, Reveal hidden things",Green,Forwards slash,,https://static.wikia.nocookie.net/harrypotter/images/0/0c/Verdimillious_Charm_PSG_PS1.png,https://harrypotter.fandom.com/wiki/Verdimillious_Charm
0070512c-72f4-4e36-9f08-a0afc935af8d,lapifors-spell,Lapifors Spell,Lapifors (LAP-i-fors),"Transfiguration, Jinx",Turns target into rabbit,Green,Point wand at target,,https://static.wikia.nocookie.net/harrypotter/images/8/87/LapiforsB.jpg,https://harrypotter.fandom.com/wiki/Lapifors_Spell
16ded58e-1868-450e-af2b-609590708d05,summoning-charm,Summoning Charm,Accio (AH-kee-oh),Charm,Summoned an object,None,,,https://static.wikia.nocookie.net/harrypotter/images/9/99/Accio_cup.gif,https://harrypotter.fandom.com/wiki/Summoning_Charm
34a58bbc-50c2-4254-8eda-995241f98ed5,revulsion-jinx,Revulsion Jinx,Relashio (ruh-LASH-ee-oh),Jinx,Forces target to let go,Purple or gold,,,https://static.wikia.nocookie.net/harrypotter/images/d/d6/RelashioHM.png,https://harrypotter.fandom.com/wiki/Revulsion_Jinx
6256441a-37f2-4c38-8299-1f167f2a29b8,locomotion-charm,Locomotion Charm,Locomotor (loh-kuh-MOH-tor),Charm,Moves objects in midair,None,Raise wand,,https://static.wikia.nocookie.net/harrypotter/images/a/ab/Locomotion_Charm_FBF.gif,https://harrypotter.fandom.com/wiki/Locomotion_Charm
57a23bf4-87ef-4fbe-9fde-e1a7e524bed4,slug-vomiting-charm,Slug-vomiting Charm,Slugulus Eructo (slug-YOU-lus eh-RUCK-toe),Curse,Victim vomits slugs,Green,,,https://static.wikia.nocookie.net/harrypotter/images/a/a4/Slugulus.png,https://harrypotter.fandom.com/wiki/Slug-vomiting_Charm
035d48eb-b20e-4027-86fd-61d74f153566,cushioning-charm,Cushioning Charm,Molliare (mul-lee-AR-ray),Charm,Places a cushioning effect on an object,,,Elliot Smethwyck (1820),https://static.wikia.nocookie.net/harrypotter/images/a/a3/Effects_of_Cushioning_Charm.jpg,https://harrypotter.fandom.com/wiki/Cushioning_Charm
78435c7f-b86a-4f2e-900d-f73e245e4d13,bouquet-spell,Bouquet Spell,Orchideous (or-KID-ee-us),Conjuration,Conjured flowers,Pink,,,https://static.wikia.nocookie.net/harrypotter/images/9/9a/Orchideous_HM_Spell_Icon.png,https://harrypotter.fandom.com/wiki/Bouquet_Spell
4b8ac313-ec42-4e83-a11f-94d7a21b3f93,flying-charm,Flying charm,,Charm,Allows an object to fly,,,,,https://harrypotter.fandom.com/wiki/Flying_charm
82724eb3-a5e8-4886-ad17-ce5f2a396bb7,tracking-spell,Tracking spell,Appare Vestigium (ah-PAR-ay ves-TEE-jee-um),Charm,"Revealed traces of magic, including footprints and track marks",Swirl of gold,,,https://static.wikia.nocookie.net/harrypotter/images/0/01/COG_Newt_Appare_Vestigium.gif,https://harrypotter.fandom.com/wiki/Tracking_Spell
b8d19fc8-05a7-4ecb-a551-815690892537,oscausi,Oscausi,Oscausi (os-SCOW-zee),Dark charm,Seals mouth shut,White,Point wand at target,,https://static.wikia.nocookie.net/harrypotter/images/0/05/Oscausi.gif,https://harrypotter.fandom.com/wiki/Oscausi
a9aafab7-9412-4749-8258-e750c8a8f091,white-sparks,White sparks,,Charm,Jet of white sparks,White,,,,https://harrypotter.fandom.com/wiki/White_sparks
55ea5c35-fa8d-4765-91d3-7fe9b8b4ae85,colour-change-charm,Colour Change Charm,Colovaria (co-loh-VA-ree-ah),Charm,Changes colour of target,None,,,https://static.wikia.nocookie.net/harrypotter/images/3/37/Colovaria_HM_Spell_Icon.png,https://harrypotter.fandom.com/wiki/Colour_Change_Charm
1e7dc56a-0cfd-484b-9f87-2e99dff9826a,ear-shrivelling-curse,Ear-Shrivelling Curse,,Curse,Caused ears to wither,None,,,https://static.wikia.nocookie.net/harrypotter/images/d/db/EarShrivellingCurseHM.png,https://harrypotter.fandom.com/wiki/Ear-shrivelling_Curse
58a3f252-b1f5-43ea-a843-45ad9726e468,pepper-breath,Pepper Breath,,Hex,Inflicts fiery hot breath,Orange,,,https://static.wikia.nocookie.net/harrypotter/images/1/13/Pepper_Breath_Hex_HM_Icon.png,https://harrypotter.fandom.com/wiki/Pepper_Breath
b7353cfc-dd8d-4fad-9bb0-f51080eb4fdb,engorgement-charm,Engorgement Charm,Engorgio (en-GOR-gee-oh),Charm,Caused swelling,Icy blue,,,https://static.wikia.nocookie.net/harrypotter/images/6/62/Harry_casting_Engorgio.gif,https://harrypotter.fandom.com/wiki/Engorgement_Charm
e0047876-e0aa-4f49-a381-bfa0aad9d35d,vulnera-sanentur,Vulnera Sanentur,Vulnera Sanentur (VUL-ner-ahsah-NEN-tour),"Healing spell, Counter-curse, Charm","Slows blood flow, Clears residue, Knits wounds",None or green,Trace wand over wounds or,,https://static.wikia.nocookie.net/harrypotter/images/a/aa/Healing_spell.gif,https://harrypotter.fandom.com/wiki/Vulnera_Sanentur
739374c2-79b8-452f-805d-6d303832b926,leek-jinx,Leek jinx,,Jinx,Leeks sprout from ears,Yellow,,,https://static.wikia.nocookie.net/harrypotter/images/7/7e/LeekJinxHM.png,https://harrypotter.fandom.com/wiki/Leek_Jinx
5c923645-c530-46ef-aa88-622a1094e615,avenseguim,Avenseguim,Avenseguim (ah-ven-SEH-gwim),Charm,Turns object into tracking device,Orange,,,https://static.wikia.nocookie.net/harrypotter/images/2/28/Avenseguim.gif,https://harrypotter.fandom.com/wiki/Avenseguim
3a240084-f3af-4125-a412-ad7cca92f67b,surgito,Surgito,Surgito (SUR-jee-toh),Counter-charm,Removes enchantments,,,,https://static.wikia.nocookie.net/harrypotter/images/7/7e/Surgito.gif,https://harrypotter.fandom.com/wiki/Surgito
8b03a8ca-35d9-4aca-8625-45c7be37d371,engorgio-skullus,Engorgio Skullus,Engorgio Skullus (in-GORE-jee-oh SKULL-us),Dark charm,Swells head,Red or Purple,Point wand,,https://static.wikia.nocookie.net/harrypotter/images/0/01/Engorgio_skullus.jpg,https://harrypotter.fandom.com/wiki/Engorgio_Skullus
32ce0cc1-fc0f-4a76-bbdd-e5273610b1ed,gripping-charm,Gripping Charm,,Charm,Made holding objects easier,None,,Unknown (1875),https://static.wikia.nocookie.net/harrypotter/images/2/24/Gripping_Charm_HM.png,https://harrypotter.fandom.com/wiki/Gripping_Charm
67662c3d-dd97-45ad-a243-0fc300735145,avifors-spell,Avifors Spell,Avifors (AH-vi-fors),"Transfiguration, Jinx",Turns objects into birds,Blue,,,https://static.wikia.nocookie.net/harrypotter/images/d/dd/Avifors_icon_HM.png,https://harrypotter.fandom.com/wiki/Avifors_Spell
44238dd4-fc66-4f4c-92c4-d004aeb47f28,portkey-spell,Portkey Spell,Portus (POR-tus),Charm,Turns object into Portkey,Blue,,,https://static.wikia.nocookie.net/harrypotter/images/e/ea/PortusPAS.png,https://harrypotter.fandom.com/wiki/Portkey_Spell
926ff622-b0a4-480e-bd22-e36271215af0,episkey,Episkey,Episkey (eh-PIS-kee),"Healing spell, Charm",Heals minor injuries,None,,,https://static.wikia.nocookie.net/harrypotter/images/b/b8/Episkey_HM_Spell_Icon.png,https://harrypotter.fandom.com/wiki/Episkey
bd594a5e-71ea-484a-9ca8-f4cc5b0c0e81,shooting-spell,Shooting Spell,,Spell,Small explosion with a gunshot-sound,None,Point wand at target,,https://static.wikia.nocookie.net/harrypotter/images/7/73/Shooting_Spell.gif,https://harrypotter.fandom.com/wiki/Shooting_spell
41474fbc-3aa1-4153-a92c-a7279812cfa3,erecto,Erecto,Erecto (uh-REK-toh),Charm,Erects a structure,None,Point wand at target,,https://static.wikia.nocookie.net/harrypotter/images/2/2c/Ereto1.gif,https://harrypotter.fandom.com/wiki/Erecto
55be47af-4832-4443-9e73-da0ee8fbf911,glisseo,Glisseo,Glisseo (glis-EH-oh),Charm,Turns stairs into a slide,None,,,,https://harrypotter.fandom.com/wiki/Glisseo
0ad27d96-40c2-4d48-9ae7-d24cf091a5ee,albus-dumbledore-s-forceful-spell,Albus Dumbledore's forceful spell,,Spell,Great force,None,Flick wand,,,https://harrypotter.fandom.com/wiki/Albus_Dumbledore's_forceful_spell
02b43532-f9d2-4cbf-b278-b5aa45c68cee,crinus-muto,Crinus Muto,Crinus Muto (CREE-nus MYOO-toh),Transfiguration,Transforms hair,White,,,https://static.wikia.nocookie.net/harrypotter/images/9/92/Crinus_Muto.png,https://harrypotter.fandom.com/wiki/Crinus_Muto
c1a56b02-660e-4ff4-a76e-3f0385eb9a5d,horn-tongue-hex,Horn tongue hex,,Hex,Transforms target's tongue into a horn,,,,,https://harrypotter.fandom.com/wiki/Horn_tongue_hex
b4fae69b-e555-4193-ab50-72661f6e97b1,teeth-straightening-spell,Teeth-straightening spell,,Charm,Straightened teeth,,,,,https://harrypotter.fandom.com/wiki/Teeth-straightening_spell
3b79d837-1625-44fc-a202-3311892f5fc2,scouring-charm,Scouring Charm,Scourgify (SKUR-ji-fy),Charm,Cleans objects,None,,,https://static.wikia.nocookie.net/harrypotter/images/9/94/HM_y4_Scourgify.png,https://harrypotter.fandom.com/wiki/Scouring_Charm
40019cc7-c809-455f-a824-dbe35ca7baa2,partis-temporus,Partis Temporus,Partis Temporus (PAR-tus tem-POR-us),Charm,Parts the target,None,Point wand at target,,https://static.wikia.nocookie.net/harrypotter/images/2/26/Partis_Temporus_HBP.gif,https://harrypotter.fandom.com/wiki/Partis_Temporus
bf199d24-b713-418b-baf3-0c2e862a6c5a,feather-light-charm,Feather-light charm,,Charm,Minimises object's weight,,,,,https://harrypotter.fandom.com/wiki/Feather-light_charm
8881d332-2cff-4173-9011-ce954f815049,obliteration-charm,Obliteration Charm,,Charm,Removes footprints,,,,,https://harrypotter.fandom.com/wiki/Obliteration_Charm
17c5acc6-4d35-4c9b-beae-afeed58d084b,cracker-jinx,Cracker Jinx,,"Jinx, Conjuration",Conjures exploding Wizard Crackers,,,,,https://harrypotter.fandom.com/wiki/Cracker_Jinx
174679f4-e799-4668-a9ce-fcbe5c796551,expulso-curse,Expulso Curse,Expulso (ecks-SPUHL-soh),Curse,Blows things up,Blue,Point wand,,https://static.wikia.nocookie.net/harrypotter/images/a/aa/Expulso.JPG,https://harrypotter.fandom.com/wiki/Expulso_Curse
c123bf2b-2680-4ed9-8511-0373e61def69,oculus-reparo,Oculus Reparo,Oculus Reparo (OCK-you-liss reh-PAH-roh),Charm,Repairs glasses,None,Tap glasses,,https://static.wikia.nocookie.net/harrypotter/images/4/40/Oculus_Reparo.gif,https://harrypotter.fandom.com/wiki/Oculus_Reparo
077faecb-7929-4ba1-8c6e-f8c5705c5f53,baubillious,Baubillious,Baubillious (baw-BILL-ee-us),Charm,Jet of white sparks,White,,,https://static.wikia.nocookie.net/harrypotter/images/a/a6/Baubillious.jpg,https://harrypotter.fandom.com/wiki/Baubillious
6293fd30-8293-46da-ae89-f3a28bcbf1fb,locking-spell,Locking Spell,Colloportus (cull-low-PORE-tus),Charm,Locks doors,None,,,https://static.wikia.nocookie.net/harrypotter/images/a/a0/Colloportus.gif,https://harrypotter.fandom.com/wiki/Locking_Spell
963b328d-7f84-45c4-9275-c6aee870c6d0,box-blasting-charm,Box Blasting Charm,Cistem Aperio (SEES-tem a-PAIR-ee-oh),Charm,Opens chests,White,,,https://static.wikia.nocookie.net/harrypotter/images/e/ef/Cistem_Aperio_HM_Spell_Icon.png,https://harrypotter.fandom.com/wiki/Box_Blasting_Charm
046a7484-29a8-4853-ac01-3009840b7b5b,cornflake-skin-spell,Cornflake skin spell,,Dark charm,Made skin appear like cornflakes,,,,,https://harrypotter.fandom.com/wiki/Cornflake_skin_spell
b343ab60-6e6f-4322-b6e9-ee9085d87979,cave-inimicum,Cave inimicum,Cave inimicum (CAH-vay uh-NIM-i-kuhm),Charm,Concealment,None (haze),,,https://static.wikia.nocookie.net/harrypotter/images/c/cf/Cave_Inimicum_HM.png,https://harrypotter.fandom.com/wiki/Cave_inimicum
fa8c5b1f-6270-496f-a206-7a48d2fb3a16,toenail-growing-hex,Toenail-growing hex,,Hex,Causes its victim's toenails to grow alarmingly fast,,,Severus Snape,https://static.wikia.nocookie.net/harrypotter/images/6/62/Toenail-growing_hex.png,https://harrypotter.fandom.com/wiki/Toenail-growing_hex
99f61872-33dc-4c13-bcab-946706976188,jelly-brain-jinx,Jelly-Brain Jinx,,Jinx,Dulls mental abilities,,,,,https://harrypotter.fandom.com/wiki/Jelly-Brain_Jinx
1ea436f8-6933-496c-9628-dc31c24c5f02,everte-statum,Everte Statum,Everte Statum (ee-VER-tay STAH-tum),Charm,"Makes opponent stumble, Causes sharp pain",Orange,Point wand at victim,,https://static.wikia.nocookie.net/harrypotter/images/7/7f/Everte_Statum.gif,https://harrypotter.fandom.com/wiki/Everte_Statum
27f09445-ea7b-4cb8-92e7-bdc6a607f7d4,caterwauling-charm,Caterwauling Charm,,Charm,Sets off a high-pitched shriek if entered,,,,,https://harrypotter.fandom.com/wiki/Caterwauling_Charm
56f78832-9ea8-4f98-9e2f-33a4eee8383a,inanimatus-conjurus-spell,Inanimatus Conjurus Spell,"Unknown, possibly Inanimatus Conjurus",Transfiguration,Conjures inanimate objects (presumably),,,,,https://harrypotter.fandom.com/wiki/Inanimatus_Conjurus_Spell
c763ec97-8dc7-4455-8cc6-38705a8cf446,knockback-jinx-duo,Knockback Jinx Duo,Flipendo (fli-PEN-doh),Jinx,Knocks target back,Red,Slash,,https://static.wikia.nocookie.net/harrypotter/images/d/d0/Flipendo_Duo.png,https://harrypotter.fandom.com/wiki/Knockback_Jinx_Duo
cdff2068-901b-4ff1-a9cd-0ca7347632ec,curse-of-the-bogies,Curse of the Bogies,Mucus ad Nauseam (MYOO-kus ahd NAW-zee-um),Curse,Nasty cold and an extremely runny nose,Green,,,https://static.wikia.nocookie.net/harrypotter/images/a/a0/CurseOfTheBogiesHM.png,https://harrypotter.fandom.com/wiki/Curse_of_the_Bogies
cdc37405-6130-4b67-ae66-07fc1a1633a5,conjunctivitis-curse,Conjunctivitis Curse,,Curse,Irritates eyes,None,,,https://static.wikia.nocookie.net/harrypotter/images/7/78/Conjunctivitis_Curse.gif,https://harrypotter.fandom.com/wiki/Conjunctivitis_Curse
9bd96ed4-51fb-4a2f-b2c5-4a4e342372e8,blasting-curse,Blasting Curse,Confringo (con-FRING-go),Curse,Explosion,Fiery orange,,,https://static.wikia.nocookie.net/harrypotter/images/3/30/Blasting_Curse_DHF1.gif,https://harrypotter.fandom.com/wiki/Blasting_Curse
0e634dbc-15b6-488a-a266-d5b555c87f14,amplifying-charm,Amplifying Charm,Sonorus (soh-NOHR-us),Charm,Loudens target,None,Direct at target,,https://static.wikia.nocookie.net/harrypotter/images/2/29/Sonorous_GOF_Dumbledore_1.jpg,https://harrypotter.fandom.com/wiki/Amplifying_Charm
07fc1c3d-fe7b-44e0-bb7f-09b749e2bd31,reverte,Reverte,Reverte (ree-VUHR-tay),Charm,Returns objects to their original positions or states,,,,https://static.wikia.nocookie.net/harrypotter/images/6/63/Reverte.gif,https://harrypotter.fandom.com/wiki/Reverte
45b2950c-68da-48cf-a798-c65e20307bad,purple-firecrackers,Purple Firecrackers,,Charm,Exploding firecrackers,Purple,,,https://static.wikia.nocookie.net/harrypotter/images/b/ba/Purple_Firecrackers.png,https://harrypotter.fandom.com/wiki/Purple_Firecrackers
6e9a81f4-ed44-4794-b062-a394301245fa,sealant-charm,Sealant Charm,,Charm,Seals envelopes,,,,,https://harrypotter.fandom.com/wiki/Sealant_Charm
79ac9377-bf66-4c21-a427-90581b4c618a,densaugeo,Densaugeo,Densaugeo (den-SAU-jee-oh),Hex,Elongates teeth,Violet,,,https://static.wikia.nocookie.net/harrypotter/images/4/40/Densaugeo_Pottermore.png,https://harrypotter.fandom.com/wiki/Densaugeo
e44995c3-e440-46f8-af6c-fd270baf6d4c,sardine-spell,Sardine spell,,Dark charm,Victim sneezes sardines,,,,,https://harrypotter.fandom.com/wiki/Sardine_spell
7da1ef4b-a9de-4f5c-be69-976ffce62de8,bedazzling-hex,Bedazzling Hex,,Hex,Disguises things,,,,,https://harrypotter.fandom.com/wiki/Bedazzling_Hex
80a9fd48-245d-4888-b1b0-446113c581da,pimple-jinx,Pimple Jinx,Furnunculus (fur-NUN-kyoo-lus),"Jinx, Curse",Causes pimples/boils to erupt,Gold,,,https://static.wikia.nocookie.net/harrypotter/images/f/f4/Furnunculus.png,https://harrypotter.fandom.com/wiki/Pimple_Jinx
53b7e949-d619-482a-93d0-56946ab2814e,freezing-charm,Freezing Charm,Immobulus (ih-MOH-byoo-luhs),Charm,Stops movement and actions of the target,Blue,,,https://static.wikia.nocookie.net/harrypotter/images/c/c1/Immobulus.gif,https://harrypotter.fandom.com/wiki/Freezing_Charm
cb5bed65-1fd8-4dde-b090-e2035f5c9afb,tail-growing-spell,Tail-growing spell,,Dark charm,Gives the victim a tail,,,,https://static.wikia.nocookie.net/harrypotter/images/8/8e/Goshtail.png,https://harrypotter.fandom.com/wiki/Tail-growing_spell
833ddbc7-010e-4683-b348-6f240c30d7ad,disarming-charm,Disarming Charm,Expelliarmus (ex-PEL-lee-ar-muss),Charm,Disarms an opponent,Scarlet,,Elizabeth Smudgling or Merlin (possibly),https://static.wikia.nocookie.net/harrypotter/images/9/96/Snape_disarming_Lockhart_COS.gif,https://harrypotter.fandom.com/wiki/Disarming_Charm
c3757621-2482-48e6-b96b-64997aa8a228,refilling-charm,Refilling Charm,,Charm,Refills beverage containers,None,Point wand at target,,https://static.wikia.nocookie.net/harrypotter/images/c/c6/Refilling_Charm.gif,https://harrypotter.fandom.com/wiki/Refilling_Charm
36bc2e27-a837-4abc-9311-3c6772fe6c08,animagus-spell,Animagus Spell,Amato Animo Animato Animagus (ah-MAH-toh ah-NEE-moh ah-nee-MAH-toh an-ah-MAY-jus),Transfiguration,Used as part of the ritual to become an Animagus,Golden,Place wand tip over caster's heart,,https://static.wikia.nocookie.net/harrypotter/images/2/2d/Animagus_Spell_HM.png,https://harrypotter.fandom.com/wiki/Animagus_Spell
4813aca3-2fbc-4f0e-bbc2-cd34eb05d066,doubling-charm,Doubling Charm,Geminio (juh-MIN-ee-oh),"Charm, Curse",Duplicates an object,None,Flick wand at target,Helixa and Syna Hyslop,https://static.wikia.nocookie.net/harrypotter/images/5/5f/Gemino_Curse.gif,https://harrypotter.fandom.com/wiki/Doubling_Charm
b7d9aa44-46e9-473a-b4cc-0566f58f5a25,permanent-sticking-charm,Permanent Sticking Charm,,Charm,Sticks object permanently in place,,,,,https://harrypotter.fandom.com/wiki/Permanent_Sticking_Charm
628d7fab-ea4a-4939-b796-b0f7e5fca6ea,windy-spell,Windy Spell,Ventus (VEN-tuss),Charm,Jet of spiralling wind,Grey,,,https://static.wikia.nocookie.net/harrypotter/images/4/46/Ventus2.gif,https://harrypotter.fandom.com/wiki/Windy_Spell
aaa53e7c-7be8-4c8f-ace1-7073f9329679,unlocking-charm,Unlocking Charm,Alohomora (ah-LOH-ho-MOR-ah),Charm,Unlocks objects,"Invisible, blue, yellow, or purple",,Ancient African sorcerer (possibly); first brought to Britain by Eldon Elsrickle in the early 1600s,https://static.wikia.nocookie.net/harrypotter/images/0/0e/Alohomora.gif,https://harrypotter.fandom.com/wiki/Unlocking_Charm
1af7efbe-8eb1-404c-bc1e-b325eaa6493d,revelio-charm,Revelio Charm,Revelio (reh-VEL-ee-oh),Charm,Reveals secrets about a person or object,Yellow,,,https://static.wikia.nocookie.net/harrypotter/images/8/81/Revelio.gif,https://harrypotter.fandom.com/wiki/Revelio_Charm
69a24106-1588-4b58-9101-b085ff92082c,stickfast-hex,Stickfast Hex,Colloshoo (CAWL-low-shoo),Hex,Sticks shoes to floor,Yellow,,,https://static.wikia.nocookie.net/harrypotter/images/5/52/Stickfast_Hex_icon_HM.png,https://harrypotter.fandom.com/wiki/Stickfast_Hex
374ff9a0-e1e9-40c1-abad-39fe69c9fc9a,silencing-charm,Silencing Charm,Silencio (si-LEN-see-oh),Charm,Silenced target,None,,,https://static.wikia.nocookie.net/harrypotter/images/b/b2/Silencio_HM_Spell_Icon.png,https://harrypotter.fandom.com/wiki/Silencing_Charm
75c04d11-9c7d-4b69-8abe-31d1e0569c6b,switching-spell,Switching Spell,,Transfiguration,Switches two objects,White,,,https://static.wikia.nocookie.net/harrypotter/images/5/59/Switching_Spell.JPG,https://harrypotter.fandom.com/wiki/Switching_Spell
432e430e-e50e-4cb9-9827-1a9ce60e79ef,aqua-eructo,Aqua Eructo,Aqua Eructo (A-kwa ee-RUCK-toh),Charm,Jet of water,Ice-blue,Point wand,,https://static.wikia.nocookie.net/harrypotter/images/2/20/Aqua_Eructo.PNG,https://harrypotter.fandom.com/wiki/Aqua_Eructo
3498d271-6670-48ca-9cdd-2189cd8289cc,hair-thickening-charm,Hair-Thickening Charm,,Charm,Caused hair to grow longer and thicker,None,,,https://static.wikia.nocookie.net/harrypotter/images/e/e6/Hair_Thickening_Charm_HM.png,https://harrypotter.fandom.com/wiki/Hair-thickening_Charm
b5822b53-3216-4191-98fd-a584a40aae01,ducklifors,Ducklifors,Ducklifors,"Transfiguration, Jinx",Turns organisms to ducks,Yellow or Purple,Downward slash,,https://static.wikia.nocookie.net/harrypotter/images/8/8d/Ducklifors.png,https://harrypotter.fandom.com/wiki/Ducklifors
37cf6f91-bbfa-482c-b174-5872ac03d0df,hardening-charm,Hardening Charm,Duro (DYOO-roh),Charm,Turns objects to stone,None,,,https://static.wikia.nocookie.net/harrypotter/images/f/f9/HM_y3_Duro.png,https://harrypotter.fandom.com/wiki/Hardening_Charm
051ac8d7-ef00-4de7-80b4-4039832bbc2a,cantis,Cantis,Cantis (CAN-tis),Charm,Makes target sing,Pink,,,https://static.wikia.nocookie.net/harrypotter/images/2/2a/Cantis_HM.png,https://harrypotter.fandom.com/wiki/Cantis
89f07891-5eeb-4228-85eb-83755c26ec6d,lacarnum-inflamari,Lacarnum Inflamari,Lacarnum Inflamari (la-KAR-num in-flah-MAR-ee),Charm,Ignites items of clothing,Orange,,,https://static.wikia.nocookie.net/harrypotter/images/d/df/LacarnumInflamariHM.png,https://harrypotter.fandom.com/wiki/Lacarnum_Inflamari
f823d55e-2c43-4918-b67e-6913658ff5a9,sectumsempra,Sectumsempra,Sectumsempra (SEC-tum-SEM-pra),Curse,Lacerates target,White,Slash wand,Severus Snape,https://static.wikia.nocookie.net/harrypotter/images/3/3a/Sectumempra_Curse.gif,https://harrypotter.fandom.com/wiki/Sectumsempra
bdebeff1-e174-4872-8175-160effa44e46,gouging-spell,Gouging Spell,Defodio (deh-FOH-dee-oh),Charm,Carved through material,,,,https://static.wikia.nocookie.net/harrypotter/images/1/11/Gouging_Spell_HM.png,https://harrypotter.fandom.com/wiki/Gouging_Spell
a7386c61-4a91-40e7-898c-09fbb926b7b7,protego-maxima,Protego Maxima,Protego Maxima (pro-TAY-goh MAKS-ee-ma),Charm,Summons a large protective barrier,White,Point wand skyward,,https://static.wikia.nocookie.net/harrypotter/images/d/db/Protegomaximahs.gif,https://harrypotter.fandom.com/wiki/Protego_Maxima
8930bce1-f4ac-4f2e-92c9-fa376026ffc5,vermiculus,Vermiculus,Vermiculus (vur-MICK-yoo-luhs),"Transfiguration, Jinx",Turns things into worms,Yellow,Point wand,,https://static.wikia.nocookie.net/harrypotter/images/9/9e/Vermiculus.png,https://harrypotter.fandom.com/wiki/Vermiculus
23a0f05f-c21f-4e78-97e6-b882a63a7ee8,dumbledore-s-army-parchment-jinx,Dumbledore's Army parchment jinx,,Jinx,Causes boils to spell 'SNEAK' on the face of a traitor,,,,,https://harrypotter.fandom.com/wiki/Dumbledore's_Army_parchment_jinx
eac2c72a-91ef-44c8-b6c8-b39d7604893f,greenhouse-charm,Greenhouse Charm,Celescere,Charm,Helps grow plant-based potion ingredients,,,,https://static.wikia.nocookie.net/harrypotter/images/e/e8/Greenhouse_Charm_WU_icon.PNG,https://harrypotter.fandom.com/wiki/Greenhouse_Charm
f8f042de-2d13-460d-b629-0b789ef7091c,hover-charm,Hover Charm,,Charm,Makes objects hover,Pink,,,https://static.wikia.nocookie.net/harrypotter/images/5/57/Hovercharm.gif,https://harrypotter.fandom.com/wiki/Hover_Charm
34cd2683-adfa-4e98-b047-8cee87dee6ae,muggle-repelling-charm,Muggle-Repelling Charm,Repello Muggletum (ruh-PEL-oh MUH-guhl-tuhm),Charm,Repels Muggles,None (haze),Raise wand,,https://static.wikia.nocookie.net/harrypotter/images/0/0c/Hermione_in_Mafalda%27s_clothing.jpg,https://harrypotter.fandom.com/wiki/Muggle-Repelling_Charm
d0533448-478c-44fd-b2b6-8ffac9fce698,squiggle-quill,Squiggle Quill,,Transfiguration,Transfigures writing quills into worms,,,,https://static.wikia.nocookie.net/harrypotter/images/d/d7/Squiggle_Quill.png,https://harrypotter.fandom.com/wiki/Squiggle_Quill
1f336f54-0673-4e3e-8f2d-7832d01d7e74,horton-keitch-braking-charm,Horton-Keitch Braking Charm,,Charm,Allow broomsticks to brake more easily,,,Basil Horton and Randolph Keitch (c. 1929),,https://harrypotter.fandom.com/wiki/Horton-Keitch_Braking_Charm
4b7c3292-10a6-456e-a9e5-09a4001f9090,smokescreen-spell,Smokescreen Spell,Fumos (FYOO-moss),Charm,Defensive smokescreen,Grey,,,https://static.wikia.nocookie.net/harrypotter/images/9/96/Smokescreen_Spell_PM.png,https://harrypotter.fandom.com/wiki/Smokescreen_Spell
c37140f3-d36a-41dc-9ab6-8b1b8b0328c5,incendio-duo-spell,Incendio Duo Spell,Incendio (in-SEN-dee-oh),"Charm, Conjuration",Conjured flames,Green,Point wand at target,,https://static.wikia.nocookie.net/harrypotter/images/5/5f/Incendio_Duo.jpg,https://harrypotter.fandom.com/wiki/Incendio_Duo_Spell
b5dd7096-ea84-47ec-8561-40f793abec3b,bridge-conjuring-spell,Bridge-conjuring spell,,Conjuration,Conjures bridges,None,Wave wand,,https://static.wikia.nocookie.net/harrypotter/images/8/87/Bridge_conjuring.gif,https://harrypotter.fandom.com/wiki/Bridge-conjuring_spell
a2b2a539-c05f-4748-86fe-9526f4c4f8fb,washing-up-spell,Washing up spell,,Charm,Cleans dishes,None,Casual flick of wand,,https://static.wikia.nocookie.net/harrypotter/images/1/1b/Washing_up_spell.gif,https://harrypotter.fandom.com/wiki/Washing_up_spell
c2969001-579e-43a7-a6c4-7500423b79ac,pullus,Pullus,Pullus (PULL-us),"Transfiguration, Jinx",Transformed creatures into chickens,Pink,Point wand,,https://static.wikia.nocookie.net/harrypotter/images/b/b7/Pullus.gif,https://harrypotter.fandom.com/wiki/Pullus
a73305a6-8659-4709-ac52-61392e0aafa8,apparition,Apparition/Disapparition,None,Magical transportation,Instantly transports user,None,Turn on the spot,,https://static.wikia.nocookie.net/harrypotter/images/b/be/Dumbledore_and_Harry_performing_Apparition.gif,https://harrypotter.fandom.com/wiki/Apparition
3b6c1160-2071-4006-accd-861b978f5b33,liberacorpus,Liberacorpus,Liberacorpus (lib-er-ah-COR-pus),Counter-jinx,Counteracts the Dangling Jinx,Flash of light of unknown colour,Jerk wand upwards,Severus Snape,https://static.wikia.nocookie.net/harrypotter/images/a/a0/Liberacorpus.png,https://harrypotter.fandom.com/wiki/Liberacorpus
8b87e01c-c919-4b07-a9d2-e0e3326d1025,impediment-jinx,Impediment Jinx,Impedimenta (im-PED-i-MEN-ta),"Jinx, Hex",Hinders movement of target,Turquoise,,,https://static.wikia.nocookie.net/harrypotter/images/f/f1/Impedimenta_Jinx.jpg,https://harrypotter.fandom.com/wiki/Impediment_Jinx
762a17b6-1604-4f2e-8f4d-6632de95b9a4,seize-and-pull-charm,Seize and pull charm,Carpe Retractum (KAR-pay ruh-TRACK-tum),Charm,Pulls something towards the caster or vice versa,Orange or Purple,V-shape,,https://static.wikia.nocookie.net/harrypotter/images/4/42/Carpe_Rectractum_GOFG.jpg,https://harrypotter.fandom.com/wiki/Seize_and_pull_charm
82978634-456a-40dc-a442-5876b4fb2079,freezing-spell,Freezing Spell,Glacius (GLAY-see-us),Charm,Freezes target,Blue,,,https://static.wikia.nocookie.net/harrypotter/images/b/b8/Glacius.jpg,https://harrypotter.fandom.com/wiki/Freezing_Spell
